2017-08-01 01:00,2017,08,01,01:00,‡,17.8,16.0,89,29,14,48.3,102.09,,,Mainly Clear
2017-08-01 04:00,2017,08,01,04:00,‡,18.1,15.2,83,30,26,48.3,102.12,,,Mainly Clear
2017-08-01 07:00,2017,08,01,07:00,‡,18.6,15.0,79,30,26,48.3,102.15,,,Cloudy
2017-08-01 10:00,2017,08,01,10:00,‡,20.3,15.3,72,30,29,40.2,102.13,,,Cloudy
2017-08-01 13:00,2017,08,01,13:00,‡,22.2,15.4,65,30,25,48.3,102.00,26,,Cloudy
2017-08-01 16:00,2017,08,01,16:00,‡,22.1,15.9,68,30,24,24.1,101.80,27,,Cloudy
2017-08-01 19:00,2017,08,01,19:00,‡,21.3,15.2,68,31,26,16.1,101.68,25,,Mostly Cloudy
2017-08-01 22:00,2017,08,01,22:00,‡,19.2,16.2,83,33,4,16.1,101.73,,,Mostly Cloudy
2017-08-02 01:00,2017,08,02,01:00,‡,18.6,16.5,88,30,18,16.1,101.80,,,Mostly Cloudy
2017-08-02 04:00,2017,08,02,04:00,‡,18.0,15.7,86,30,23,16.1,101.82,,,Mostly Cloudy
2017-08-02 07:00,2017,08,02,07:00,‡,18.5,15.8,84,31,25,19.3,101.86,,,Cloudy
2017-08-02 10:00,2017,08,02,10:00,‡,20.9,15.8,72,30,30,24.1,101.85,25,,Cloudy
2017-08-02 13:00,2017,08,02,13:00,‡,22.1,15.8,67,31,24,24.1,101.73,27,,Cloudy
2017-08-02 16:00,2017,08,02,16:00,‡,21.9,15.7,68,31,22,24.1,101.52,26,,Cloudy
2017-08-02 19:00,2017,08,02,19:00,‡,20.7,15.2,71,31,18,16.1,101.40,25,,Cloudy
2017-08-02 22:00,2017,08,02,22:00,‡,19.5,15.9,79,34,9,12.9,101.46,,,Cloudy
2017-08-03 01:00,2017,08,03,01:00,‡,17.7,15.7,88,31,18,12.9,101.49,,,Cloudy
2017-08-03 04:00,2017,08,03,04:00,‡,17.6,15.5,87,31,21,16.1,101.54,,,Mostly Cloudy
2017-08-03 07:00,2017,08,03,07:00,‡,18.6,15.5,82,31,22,19.3,101.59,,,Cloudy
2017-08-03 10:00,2017,08,03,10:00,‡,20.4,15.6,74,31,28,19.3,101.53,25,,Cloudy
2017-08-03 13:00,2017,08,03,13:00,‡,22.6,16.3,67,30,20,19.3,101.42,27,,Cloudy
2017-08-03 16:00,2017,08,03,16:00,‡,23.9,15.8,60,30,14,19.3,101.23,28,,Cloudy
2017-08-03 19:00,2017,08,03,19:00,‡,21.7,14.9,65,27,8,19.3,101.05,26,,Mostly Cloudy
2017-08-03 22:00,2017,08,03,22:00,‡,17.9,16.0,88,30,12,12.9,101.05,,,Mostly Cloudy
2017-08-04 01:00,2017,08,04,01:00,‡,16.9,14.9,88,34,10,12.9,101.11,,,Cloudy
2017-08-04 04:00,2017,08,04,04:00,‡,16.4,14.9,91,31,15,12.9,101.13,,,Cloudy
2017-08-04 07:00,2017,08,04,07:00,‡,17.7,15.7,88,30,22,19.3,101.17,,,Cloudy
2017-08-04 10:00,2017,08,04,10:00,‡,19.9,15.8,77,30,22,19.3,101.17,,,Cloudy
2017-08-04 13:00,2017,08,04,13:00,‡,21.1,16.0,73,30,16,19.3,101.11,26,,Cloudy
2017-08-04 16:00,2017,08,04,16:00,‡,20.9,15.3,70,23,7,19.3,100.99,25,,Cloudy
2017-08-04 19:00,2017,08,04,19:00,‡,19.3,14.9,75,36,2,16.1,100.92,,,Cloudy
2017-08-04 22:00,2017,08,04,22:00,‡,18.3,14.8,79,12,6,16.1,100.98,,,Cloudy
2017-08-05 01:00,2017,08,05,01:00,‡,18.2,14.8,81,9,9,19.3,101.04,,,Cloudy
2017-08-05 04:00,2017,08,05,04:00,‡,15.7,15.1,96,36,1,19.3,101.11,,,Cloudy
2017-08-05 07:00,2017,08,05,07:00,‡,16.9,15.3,90,10,14,12.9,101.19,,,Cloudy
2017-08-05 10:00,2017,08,05,10:00,‡,20.4,15.0,71,12,13,19.3,101.29,,,Cloudy
2017-08-05 13:00,2017,08,05,13:00,‡,22.9,15.3,62,13,10,19.3,101.26,27,,Cloudy
2017-08-05 16:00,2017,08,05,16:00,‡,23.6,15.2,59,16,8,19.3,101.17,28,,Cloudy
2017-08-05 19:00,2017,08,05,19:00,‡,20.2,14.6,70,10,13,16.1,101.14,,,Cloudy
2017-08-05 22:00,2017,08,05,22:00,‡,17.5,14.2,81,13,8,16.1,101.23,,,Cloudy
2017-08-06 01:00,2017,08,06,01:00,‡,15.5,14.1,91,3,4,16.1,101.29,,,Cloudy
2017-08-06 04:00,2017,08,06,04:00,‡,13.6,13.0,96,2,3,16.1,101.36,,,Cloudy
2017-08-06 07:00,2017,08,06,07:00,‡,16.9,15.1,89,36,2,16.1,101.43,,,Cloudy
2017-08-06 10:00,2017,08,06,10:00,‡,19.7,15.5,77,23,10,19.3,101.44,,,Cloudy
2017-08-06 13:00,2017,08,06,13:00,‡,22.9,15.9,64,24,12,19.3,101.37,27,,Cloudy
2017-08-06 16:00,2017,08,06,16:00,‡,22.9,16.6,67,26,10,16.1,101.25,28,,Cloudy
2017-08-06 19:00,2017,08,06,19:00,‡,20.4,17.7,84,23,4,12.9,101.21,26,,Mostly Cloudy
2017-08-06 22:00,2017,08,06,22:00,‡,19.1,16.2,83,11,6,9.7,101.33,,,Fog
2017-08-06 23:00,2017,08,06,23:00,‡,17.2,14.9,86,10,10,9.7,101.37,,,Fog
2017-08-07 00:00,2017,08,07,00:00,‡,16.8,14.7,87,10,10,9.7,101.40,,,Fog
2017-08-07 01:00,2017,08,07,01:00,‡,16.3,14.1,87,11,9,9.7,101.41,,,Fog
2017-08-07 02:00,2017,08,07,02:00,‡,15.6,14.2,91,9,9,8.1,101.44,,,Fog
2017-08-07 03:00,2017,08,07,03:00,‡,15.3,14.0,92,8,7,8.1,101.47,,,Fog
2017-08-07 04:00,2017,08,07,04:00,‡,14.8,13.5,92,10,11,9.7,101.48,,,Fog
2017-08-07 07:00,2017,08,07,07:00,‡,17.3,15.4,88,14,5,19.3,101.57,,,Cloudy
2017-08-07 10:00,2017,08,07,10:00,‡,20.2,16.7,80,25,9,19.3,101.56,25,,Cloudy
2017-08-07 13:00,2017,08,07,13:00,‡,22.4,17.4,73,30,17,19.3,101.48,28,,Cloudy
2017-08-07 16:00,2017,08,07,16:00,‡,22.3,17.4,74,28,13,16.1,101.38,28,,Cloudy
2017-08-07 19:00,2017,08,07,19:00,‡,19.7,16.5,82,29,3,11.3,101.32,,,Mostly Cloudy
2017-08-07 21:00,2017,08,07,21:00,‡,18.8,16.9,89,19,8,9.7,101.39,,,Fog
2017-08-07 22:00,2017,08,07,22:00,‡,17.8,15.8,88,24,7,8.1,101.41,,,Fog
2017-08-07 23:00,2017,08,07,23:00,‡,18.6,17.2,92,23,7,6.4,101.43,,,Fog
2017-08-08 00:00,2017,08,08,00:00,‡,18.4,17.2,93,27,13,6.4,101.46,,,Fog
2017-08-08 01:00,2017,08,08,01:00,‡,17.3,16.5,95,29,8,6.4,101.46,,,Fog
2017-08-08 02:00,2017,08,08,02:00,‡,17.2,16.2,93,34,9,4.8,101.48,,,Fog
2017-08-08 03:00,2017,08,08,03:00,‡,17.4,16.4,94,31,16,4.8,101.51,,,Fog
2017-08-08 04:00,2017,08,08,04:00,‡,16.7,16.0,96,31,12,4.8,101.51,,,Fog
2017-08-08 07:00,2017,08,08,07:00,‡,18.2,16.9,92,30,13,12.9,101.57,,,Cloudy
2017-08-08 10:00,2017,08,08,10:00,‡,20.5,17.1,81,28,14,12.9,101.51,26,,Cloudy
2017-08-08 13:00,2017,08,08,13:00,‡,22.5,17.5,73,28,13,16.1,101.40,28,,Cloudy
2017-08-08 16:00,2017,08,08,16:00,‡,21.9,17.0,74,27,9,16.1,101.24,27,,Cloudy
2017-08-08 19:00,2017,08,08,19:00,‡,20.2,17.2,82,20,8,11.3,101.18,26,,Cloudy
2017-08-08 22:00,2017,08,08,22:00,‡,17.1,16.4,96,28,3,9.7,101.24,,,Fog
2017-08-08 23:00,2017,08,08,23:00,‡,17.7,16.7,94,36,2,9.7,101.27,,,Fog
2017-08-09 00:00,2017,08,09,00:00,‡,17.7,16.6,93,36,2,9.7,101.31,,,Fog
2017-08-09 01:00,2017,08,09,01:00,‡,16.5,15.8,96,36,2,9.7,101.31,,,Fog
2017-08-09 02:00,2017,08,09,02:00,‡,16.5,15.7,95,0,1,9.7,101.32,,,Fog
2017-08-09 03:00,2017,08,09,03:00,‡,16.4,13.7,84,36,1,9.7,101.33,,,Fog
2017-08-09 04:00,2017,08,09,04:00,‡,16.9,15.9,93,36,2,9.7,101.33,,,Fog
2017-08-09 07:00,2017,08,09,07:00,‡,18.8,17.6,93,22,7,11.3,101.39,,,Cloudy
2017-08-09 10:00,2017,08,09,10:00,‡,21.5,16.8,74,22,11,16.1,101.41,27,,Cloudy
2017-08-09 13:00,2017,08,09,13:00,‡,23.8,17.4,67,24,9,16.1,101.34,29,,Cloudy
2017-08-09 16:00,2017,08,09,16:00,‡,23.8,18.0,70,23,8,11.3,101.24,30,,Cloudy
2017-08-09 19:00,2017,08,09,19:00,‡,21.7,16.4,71,36,2,12.9,101.19,27,,Cloudy
2017-08-09 22:00,2017,08,09,22:00,‡,20.1,15.6,75,10,7,12.9,101.26,,,Cloudy
2017-08-10 01:00,2017,08,10,01:00,‡,18.2,15.8,86,36,3,12.9,101.33,,,Cloudy
2017-08-10 04:00,2017,08,10,04:00,‡,17.1,14.7,85,11,5,12.9,101.38,,,Cloudy
2017-08-10 07:00,2017,08,10,07:00,‡,18.2,15.6,85,17,3,16.1,101.45,,,Cloudy
2017-08-10 10:00,2017,08,10,10:00,‡,21.2,17.6,80,23,13,16.1,101.45,27,,Cloudy
2017-08-10 13:00,2017,08,10,13:00,‡,25.2,18.6,66,29,10,12.9,101.34,32,,Cloudy
2017-08-10 16:00,2017,08,10,16:00,‡,25.7,17.9,62,26,6,12.9,101.19,32,,Cloudy
2017-08-10 19:00,2017,08,10,19:00,‡,21.3,17.8,80,29,4,12.9,101.09,27,,Mostly Cloudy
2017-08-10 22:00,2017,08,10,22:00,‡,18.5,16.8,90,27,3,12.9,101.15,,,Mostly Cloudy
2017-08-11 01:00,2017,08,11,01:00,‡,18.1,16.7,91,12,7,12.9,101.23,,,Mostly Cloudy
2017-08-11 04:00,2017,08,11,04:00,‡,16.4,14.4,88,9,11,12.9,101.29,,,Mostly Cloudy
2017-08-11 07:00,2017,08,11,07:00,‡,16.9,13.9,82,9,12,19.3,101.34,,,Cloudy
2017-08-11 10:00,2017,08,11,10:00,‡,21.0,13.7,63,14,10,19.3,101.35,,,Cloudy
2017-08-11 13:00,2017,08,11,13:00,‡,22.9,17.5,71,23,17,19.3,101.20,29,,Cloudy
2017-08-11 16:00,2017,08,11,16:00,‡,24.0,17.9,68,24,11,19.3,101.07,30,,Cloudy
2017-08-11 19:00,2017,08,11,19:00,‡,20.9,16.3,75,13,8,19.3,100.98,26,,Mostly Cloudy
2017-08-11 22:00,2017,08,11,22:00,‡,16.1,12.7,80,10,22,19.3,101.05,,,Mostly Cloudy
2017-08-12 01:00,2017,08,12,01:00,‡,15.2,12.6,84,10,17,19.3,101.14,,,Mostly Cloudy
2017-08-12 04:00,2017,08,12,04:00,‡,14.2,12.2,88,13,17,19.3,101.21,,,Cloudy
2017-08-12 07:00,2017,08,12,07:00,‡,15.5,12.3,81,12,19,24.1,101.24,,,Mostly Cloudy
2017-08-12 10:00,2017,08,12,10:00,‡,18.4,11.5,64,13,34,32.2,101.23,,,Mainly Clear
2017-08-12 13:00,2017,08,12,13:00,‡,20.6,13.1,62,13,23,40.2,101.23,,,Mostly Cloudy
2017-08-12 16:00,2017,08,12,16:00,‡,20.9,12.7,59,13,19,48.3,101.08,,,Mostly Cloudy
2017-08-12 19:00,2017,08,12,19:00,‡,19.0,12.9,67,10,19,32.2,101.11,,,Cloudy
2017-08-12 21:00,2017,08,12,21:00,‡,18.3,14.2,77,10,14,32.2,101.15,,,Rain
2017-08-12 22:00,2017,08,12,22:00,‡,18.1,12.7,70,21,18,32.2,101.20,,,Cloudy
2017-08-12 23:00,2017,08,12,23:00,‡,16.3,13.8,85,12,8,32.2,101.22,,,Rain
2017-08-13 00:00,2017,08,13,00:00,‡,15.6,14.2,91,5,7,12.9,101.24,,,Rain
2017-08-13 01:00,2017,08,13,01:00,‡,15.3,14.7,96,9,8,12.9,101.20,,,Rain
2017-08-13 02:00,2017,08,13,02:00,‡,15.1,14.6,97,10,12,8.1,101.18,,,"Rain,Fog"
2017-08-13 03:00,2017,08,13,03:00,‡,15.2,14.8,98,9,12,8.1,101.16,,,"Rain,Fog"
2017-08-13 04:00,2017,08,13,04:00,‡,15.2,14.8,97,12,14,12.9,101.16,,,Rain
2017-08-13 07:00,2017,08,13,07:00,‡,16.4,15.0,91,13,14,20.9,101.19,,,Mostly Cloudy
2017-08-13 10:00,2017,08,13,10:00,‡,18.0,14.7,81,21,10,22.5,101.32,,,Mostly Cloudy
2017-08-13 13:00,2017,08,13,13:00,‡,20.0,13.9,68,26,16,32.2,101.45,,,Mostly Cloudy
2017-08-13 16:00,2017,08,13,16:00,‡,20.6,12.6,60,22,11,48.3,101.44,,,Mainly Clear
2017-08-13 19:00,2017,08,13,19:00,‡,18.8,12.7,67,26,13,48.3,101.47,,,Mostly Cloudy
2017-08-13 22:00,2017,08,13,22:00,‡,18.3,11.4,64,35,3,32.2,101.56,,,Cloudy
2017-08-14 01:00,2017,08,14,01:00,‡,14.3,11.1,81,11,10,32.2,101.54,,,Mostly Cloudy
2017-08-14 04:00,2017,08,14,04:00,‡,13.7,11.5,86,8,17,32.2,101.52,,,Mainly Clear
2017-08-14 07:00,2017,08,14,07:00,‡,15.2,11.5,79,9,14,24.1,101.55,,,Cloudy
2017-08-14 10:00,2017,08,14,10:00,‡,18.6,12.0,65,12,13,24.1,101.59,,,Cloudy
2017-08-14 13:00,2017,08,14,13:00,‡,19.2,13.4,69,25,15,24.1,101.50,,,Cloudy
2017-08-14 16:00,2017,08,14,16:00,‡,19.1,12.1,64,26,10,48.3,101.37,,,Mostly Cloudy
2017-08-14 19:00,2017,08,14,19:00,‡,16.6,9.9,64,28,9,48.3,101.29,,,Mostly Cloudy
2017-08-14 22:00,2017,08,14,22:00,‡,17.0,11.9,72,0,1,32.2,101.25,,,Mostly Cloudy
2017-08-15 01:00,2017,08,15,01:00,‡,15.2,11.7,80,11,9,32.2,101.29,,,Mostly Cloudy
2017-08-15 04:00,2017,08,15,04:00,‡,13.9,11.6,86,10,10,32.2,101.31,,,Mainly Clear
2017-08-15 07:00,2017,08,15,07:00,‡,15.7,12.3,80,9,10,48.3,101.42,,,Mainly Clear
2017-08-15 10:00,2017,08,15,10:00,‡,17.7,12.4,71,23,13,48.3,101.45,,,Mostly Cloudy
2017-08-15 13:00,2017,08,15,13:00,‡,19.6,13.1,66,24,16,48.3,101.46,,,Mainly Clear
2017-08-15 16:00,2017,08,15,16:00,‡,20.8,13.6,63,23,12,48.3,101.43,,,Mostly Cloudy
2017-08-15 19:00,2017,08,15,19:00,‡,19.1,14.2,73,27,8,48.3,101.40,,,Mainly Clear
2017-08-15 22:00,2017,08,15,22:00,‡,16.8,13.8,82,10,12,32.2,101.52,,,Clear
2017-08-16 01:00,2017,08,16,01:00,‡,14.8,12.1,84,10,9,32.2,101.57,,,Mainly Clear
2017-08-16 04:00,2017,08,16,04:00,‡,14.6,12.1,85,10,17,24.1,101.67,,,Mainly Clear
2017-08-16 07:00,2017,08,16,07:00,‡,15.2,12.1,82,10,19,48.3,101.76,,,Mostly Cloudy
2017-08-16 10:00,2017,08,16,10:00,‡,18.2,13.3,73,13,23,48.3,101.81,,,Cloudy
2017-08-16 13:00,2017,08,16,13:00,‡,22.4,14.8,62,12,16,48.3,101.79,26,,Mainly Clear
2017-08-16 16:00,2017,08,16,16:00,‡,23.2,12.5,50,13,16,48.3,101.70,26,,Mostly Cloudy
2017-08-16 19:00,2017,08,16,19:00,‡,19.6,14.0,70,12,10,48.3,101.67,,,Mainly Clear
2017-08-16 22:00,2017,08,16,22:00,‡,16.6,13.8,84,12,8,32.2,101.76,,,Clear
2017-08-17 01:00,2017,08,17,01:00,‡,16.1,13.6,85,11,15,32.2,101.83,,,Clear
2017-08-17 04:00,2017,08,17,04:00,‡,14.7,13.4,92,9,10,32.2,101.94,,,Mainly Clear
2017-08-17 07:00,2017,08,17,07:00,‡,16.8,14.2,84,9,7,48.3,102.08,,,Mostly Cloudy
2017-08-17 10:00,2017,08,17,10:00,‡,19.8,14.3,70,14,9,48.3,102.12,,,Mainly Clear
2017-08-17 13:00,2017,08,17,13:00,‡,22.6,14.8,61,15,7,48.3,102.08,26,,Mainly Clear
2017-08-17 16:00,2017,08,17,16:00,‡,23.6,14.0,54,16,14,48.3,101.98,27,,Clear
2017-08-17 19:00,2017,08,17,19:00,‡,20.2,13.4,64,10,16,48.3,101.91,,,Clear
2017-08-17 22:00,2017,08,17,22:00,‡,17.2,13.0,76,13,14,48.3,101.94,,,Clear
2017-08-18 01:00,2017,08,18,01:00,‡,15.7,11.8,77,10,20,48.3,101.89,,,Clear
2017-08-18 04:00,2017,08,18,04:00,‡,14.3,11.2,81,12,19,48.3,101.91,,,Mainly Clear
2017-08-18 07:00,2017,08,18,07:00,‡,15.1,11.9,81,9,23,40.2,101.98,,,Mostly Cloudy
2017-08-18 10:00,2017,08,18,10:00,‡,17.9,13.0,73,11,22,24.1,102.00,,,Mostly Cloudy
2017-08-18 13:00,2017,08,18,13:00,‡,20.2,13.2,64,10,20,32.2,101.99,,,Mostly Cloudy
2017-08-18 16:00,2017,08,18,16:00,‡,22.9,13.5,55,14,10,40.2,101.88,26,,Mainly Clear
2017-08-18 19:00,2017,08,18,19:00,‡,19.9,14.3,69,14,13,32.2,101.85,,,Mostly Cloudy
2017-08-18 22:00,2017,08,18,22:00,‡,17.8,14.7,82,28,27,32.2,101.91,,,Mainly Clear
2017-08-19 01:00,2017,08,19,01:00,‡,17.0,12.8,76,29,32,32.2,101.92,,,Clear
2017-08-19 04:00,2017,08,19,04:00,‡,16.6,11.4,71,29,32,32.2,101.99,,,Mostly Cloudy
2017-08-19 07:00,2017,08,19,07:00,‡,16.8,11.7,72,30,29,24.1,102.13,,,Mostly Cloudy
2017-08-19 10:00,2017,08,19,10:00,‡,18.8,12.3,66,29,25,32.2,102.22,,,Mainly Clear
2017-08-19 13:00,2017,08,19,13:00,‡,19.3,13.0,67,26,12,48.3,102.21,,,Mostly Cloudy
2017-08-19 16:00,2017,08,19,16:00,‡,19.9,11.3,57,26,12,48.3,102.09,,,Mostly Cloudy
2017-08-19 19:00,2017,08,19,19:00,‡,17.1,12.5,74,36,2,48.3,102.02,,,Mostly Cloudy
2017-08-19 22:00,2017,08,19,22:00,‡,16.4,11.5,73,36,1,48.3,102.04,,,Clear
2017-08-20 01:00,2017,08,20,01:00,‡,14.6,11.5,81,8,13,32.2,102.03,,,Clear
2017-08-20 04:00,2017,08,20,04:00,‡,13.6,10.7,82,10,13,32.2,102.02,,,Mostly Cloudy
2017-08-20 07:00,2017,08,20,07:00,‡,14.8,11.8,82,11,10,32.2,102.04,,,Mostly Cloudy
2017-08-20 10:00,2017,08,20,10:00,‡,19.1,11.2,60,14,19,48.3,102.05,,,Mostly Cloudy
2017-08-20 13:00,2017,08,20,13:00,‡,20.9,14.7,68,22,15,48.3,101.97,25,,Mostly Cloudy
2017-08-20 16:00,2017,08,20,16:00,‡,21.0,12.0,56,22,13,48.3,101.83,,,Mainly Clear
2017-08-20 19:00,2017,08,20,19:00,‡,19.0,14.3,74,20,4,48.3,101.84,,,Mostly Cloudy
2017-08-20 22:00,2017,08,20,22:00,‡,16.4,12.9,79,11,11,48.3,101.92,,,Mainly Clear
2017-08-21 01:00,2017,08,21,01:00,‡,14.8,12.5,85,10,13,48.3,101.97,,,Mainly Clear
2017-08-21 04:00,2017,08,21,04:00,‡,13.3,12.1,92,0,1,48.3,101.97,,,Clear
2017-08-21 07:00,2017,08,21,07:00,‡,16.6,13.6,82,14,5,48.3,102.05,,,Mainly Clear
2017-08-21 10:00,2017,08,21,10:00,‡,18.9,14.6,76,27,7,48.3,102.00,,,Mainly Clear
2017-08-21 13:00,2017,08,21,13:00,‡,21.3,11.9,55,24,13,48.3,101.93,,,Mainly Clear
2017-08-21 16:00,2017,08,21,16:00,‡,21.3,15.1,67,23,13,48.3,101.73,25,,Mainly Clear
2017-08-21 19:00,2017,08,21,19:00,‡,19.0,16.0,83,23,7,48.3,101.57,,,Mainly Clear
2017-08-21 22:00,2017,08,21,22:00,‡,17.5,16.4,93,36,1,32.2,101.54,,,Clear
2017-08-22 01:00,2017,08,22,01:00,‡,16.5,15.5,93,9,4,24.1,101.51,,,Clear
2017-08-22 04:00,2017,08,22,04:00,‡,14.8,13.6,92,4,5,32.2,101.49,,,Clear
2017-08-22 07:00,2017,08,22,07:00,‡,18.3,15.8,85,13,9,48.3,101.55,,,Clear
2017-08-22 10:00,2017,08,22,10:00,‡,23.2,16.7,66,24,10,48.3,101.52,28,,Clear
2017-08-22 13:00,2017,08,22,13:00,‡,25.9,18.3,62,22,14,48.3,101.47,32,,Clear
2017-08-22 16:00,2017,08,22,16:00,‡,26.9,17.2,55,21,15,48.3,101.36,32,,Mainly Clear
2017-08-22 19:00,2017,08,22,19:00,‡,23.6,14.2,55,11,15,48.3,101.30,27,,Mainly Clear
2017-08-22 22:00,2017,08,22,22:00,‡,17.5,13.8,78,9,17,32.2,101.36,,,Mainly Clear
2017-08-23 01:00,2017,08,23,01:00,‡,16.4,12.8,79,12,25,32.2,101.49,,,Mainly Clear
2017-08-23 04:00,2017,08,23,04:00,‡,15.7,12.6,82,12,19,32.2,101.52,,,Mainly Clear
2017-08-23 07:00,2017,08,23,07:00,‡,16.9,12.7,76,12,22,48.3,101.59,,,Mostly Cloudy
2017-08-23 10:00,2017,08,23,10:00,‡,20.1,12.6,62,12,26,48.3,101.60,,,Mostly Cloudy
2017-08-23 13:00,2017,08,23,13:00,‡,22.8,13.7,56,14,13,48.3,101.49,26,,Mainly Clear
2017-08-23 16:00,2017,08,23,16:00,‡,22.1,14.5,62,22,15,48.3,101.34,26,,Mostly Cloudy
2017-08-23 19:00,2017,08,23,19:00,‡,18.8,14.1,74,22,7,48.3,101.25,,,Mostly Cloudy
2017-08-23 22:00,2017,08,23,22:00,‡,16.8,13.8,82,10,20,32.2,101.26,,,Cloudy
2017-08-24 01:00,2017,08,24,01:00,‡,15.2,12.2,82,11,10,32.2,101.34,,,Mostly Cloudy
2017-08-24 04:00,2017,08,24,04:00,‡,15.7,10.2,69,27,30,32.2,101.43,,,Mainly Clear
2017-08-24 07:00,2017,08,24,07:00,‡,16.0,9.5,65,25,25,48.3,101.59,,,Mainly Clear
2017-08-24 10:00,2017,08,24,10:00,‡,18.4,9.5,56,22,13,48.3,101.75,,,Mainly Clear
2017-08-24 13:00,2017,08,24,13:00,‡,20.9,8.8,45,25,8,48.3,101.75,,,Mainly Clear
2017-08-24 16:00,2017,08,24,16:00,‡,20.3,8.2,45,21,14,48.3,101.70,,,Mainly Clear
2017-08-24 19:00,2017,08,24,19:00,‡,18.9,8.6,51,18,5,48.3,101.64,,,Mainly Clear
2017-08-24 22:00,2017,08,24,22:00,‡,14.9,10.8,77,10,8,48.3,101.70,,,Mainly Clear
2017-08-25 01:00,2017,08,25,01:00,‡,13.6,10.6,82,10,14,32.2,101.73,,,Mainly Clear
2017-08-25 04:00,2017,08,25,04:00,‡,13.2,10.4,83,9,13,32.2,101.74,,,Mostly Cloudy
2017-08-25 07:00,2017,08,25,07:00,‡,14.8,10.7,76,9,8,48.3,101.82,,,Cloudy
2017-08-25 10:00,2017,08,25,10:00,‡,17.9,10.0,60,11,5,48.3,101.84,,,Mostly Cloudy
2017-08-25 13:00,2017,08,25,13:00,‡,19.3,13.9,71,24,13,48.3,101.84,,,Mainly Clear
2017-08-25 16:00,2017,08,25,16:00,‡,20.6,8.7,46,26,13,48.3,101.77,,,Mostly Cloudy
2017-08-25 19:00,2017,08,25,19:00,‡,18.0,13.2,73,23,8,48.3,101.75,,,Mainly Clear
2017-08-25 22:00,2017,08,25,22:00,‡,16.7,10.0,64,36,1,48.3,101.86,,,Clear
2017-08-26 01:00,2017,08,26,01:00,‡,13.7,11.5,86,10,12,48.3,101.93,,,Mainly Clear
2017-08-26 04:00,2017,08,26,04:00,‡,13.2,10.3,82,36,2,32.2,102.03,,,Clear
2017-08-26 07:00,2017,08,26,07:00,‡,16.2,11.2,72,11,7,48.3,102.15,,,Clear
2017-08-26 10:00,2017,08,26,10:00,‡,18.8,12.7,68,22,11,48.3,102.23,,,Clear
2017-08-26 13:00,2017,08,26,13:00,‡,21.3,11.2,52,23,12,56.3,102.15,,,Clear
2017-08-26 16:00,2017,08,26,16:00,‡,23.1,10.2,44,28,12,64.4,102.01,,,Clear
2017-08-26 19:00,2017,08,26,19:00,‡,19.0,13.7,71,33,4,48.3,101.92,,,Clear
2017-08-26 22:00,2017,08,26,22:00,‡,18.1,16.0,87,27,4,48.3,101.95,,,Clear
2017-08-27 01:00,2017,08,27,01:00,‡,15.7,13.5,87,3,4,48.3,101.92,,,Clear
2017-08-27 04:00,2017,08,27,04:00,‡,15.9,12.7,81,33,3,48.3,101.93,,,Clear
2017-08-27 07:00,2017,08,27,07:00,‡,18.2,14.9,81,32,7,48.3,101.99,,,Mainly Clear
2017-08-27 10:00,2017,08,27,10:00,‡,21.5,16.5,73,29,25,56.3,101.93,26,,Mainly Clear
2017-08-27 13:00,2017,08,27,13:00,‡,23.5,17.0,66,30,21,64.4,101.75,29,,Clear
2017-08-27 16:00,2017,08,27,16:00,‡,23.7,16.5,64,31,19,64.4,101.52,29,,Clear
2017-08-27 19:00,2017,08,27,19:00,‡,21.5,16.2,72,32,16,48.3,101.40,26,,Clear
2017-08-27 22:00,2017,08,27,22:00,‡,18.8,17.1,90,32,14,48.3,101.39,,,Clear
2017-08-28 01:00,2017,08,28,01:00,‡,18.3,16.7,90,27,6,48.3,101.45,,,Clear
2017-08-28 04:00,2017,08,28,04:00,‡,17.8,16.4,92,31,16,48.3,101.44,,,Clear
2017-08-28 07:00,2017,08,28,07:00,‡,18.9,16.6,87,30,22,48.3,101.45,,,Clear
2017-08-28 10:00,2017,08,28,10:00,‡,21.4,17.0,76,30,22,48.3,101.41,27,,Clear
2017-08-28 13:00,2017,08,28,13:00,‡,23.1,16.6,66,29,24,48.3,101.20,28,,Clear
2017-08-28 16:00,2017,08,28,16:00,‡,24.1,16.1,61,29,17,48.3,100.98,29,,Clear
2017-08-28 19:00,2017,08,28,19:00,‡,21.3,14.4,65,19,3,48.3,100.88,25,,Clear
2017-08-28 22:00,2017,08,28,22:00,‡,18.6,15.4,81,17,3,32.2,100.89,,,Clear
2017-08-29 01:00,2017,08,29,01:00,‡,17.4,14.1,81,8,8,32.2,100.92,,,Clear
2017-08-29 04:00,2017,08,29,04:00,‡,16.1,15.5,96,0,1,32.2,100.94,,,Clear
2017-08-29 07:00,2017,08,29,07:00,‡,19.7,15.3,76,9,8,48.3,101.00,,,Clear
2017-08-29 10:00,2017,08,29,10:00,‡,26.0,16.6,56,18,10,24.1,101.01,31,,Mainly Clear
2017-08-29 13:00,2017,08,29,13:00,‡,28.8,14.3,40,13,23,24.1,100.95,32,,Clear
2017-08-29 16:00,2017,08,29,16:00,‡,28.3,14.4,42,15,12,24.1,100.86,32,,Clear
2017-08-29 19:00,2017,08,29,19:00,‡,22.5,14.3,59,10,19,32.2,100.87,26,,Mainly Clear
2017-08-29 22:00,2017,08,29,22:00,‡,20.0,13.8,67,11,17,24.1,100.99,,,Clear
2017-08-30 01:00,2017,08,30,01:00,‡,17.4,13.7,79,12,22,24.1,101.08,,,Clear
2017-08-30 04:00,2017,08,30,04:00,‡,16.4,13.3,82,9,22,24.1,101.25,,,Mainly Clear
2017-08-30 07:00,2017,08,30,07:00,‡,16.9,13.7,81,9,30,24.1,101.41,,,Cloudy
2017-08-30 10:00,2017,08,30,10:00,‡,19.7,13.5,67,13,23,32.2,101.51,,,Cloudy
2017-08-30 13:00,2017,08,30,13:00,‡,22.2,13.7,58,15,16,48.3,101.53,25,,Mostly Cloudy
2017-08-30 16:00,2017,08,30,16:00,‡,19.9,14.2,69,20,11,48.3,101.52,,,Cloudy
2017-08-30 19:00,2017,08,30,19:00,‡,19.2,14.1,72,15,7,32.2,101.52,,,Mainly Clear
2017-08-30 22:00,2017,08,30,22:00,‡,17.7,14.7,82,9,16,32.2,101.61,,,Mainly Clear
2017-08-31 01:00,2017,08,31,01:00,‡,16.2,14.5,90,9,13,32.2,101.69,,,Cloudy
2017-08-31 04:00,2017,08,31,04:00,‡,15.6,14.7,94,36,3,32.2,101.79,,,Mainly Clear
2017-08-31 07:00,2017,08,31,07:00,‡,17.5,16.0,91,28,10,48.3,101.94,,,Mostly Cloudy
2017-08-31 10:00,2017,08,31,10:00,‡,19.0,15.0,77,21,9,24.1,102.04,,,Mainly Clear
2017-08-31 13:00,2017,08,31,13:00,‡,21.6,14.6,64,28,8,48.3,102.05,25,,Mainly Clear
2017-08-31 16:00,2017,08,31,16:00,‡,20.9,14.1,65,23,12,48.3,101.97,,,Clear
2017-08-31 19:00,2017,08,31,19:00,‡,19.4,13.8,70,17,9,48.3,101.93,,,Clear
2017-08-31 22:00,2017,08,31,22:00,‡,17.0,13.3,79,9,9,48.3,101.98,,,Clear
2016-05-01 01:00,2016,05,01,01:00,‡,10.1,7.0,81,35,5,24.1,102.49,,,Clear
2016-05-01 04:00,2016,05,01,04:00,‡,8.5,6.0,84,2,7,32.2,102.41,,,Clear
2016-05-01 07:00,2016,05,01,07:00,‡,13.4,11.1,86,36,2,48.3,102.34,,,Mainly Clear
2016-05-01 10:00,2016,05,01,10:00,‡,15.8,10.8,72,29,13,48.3,102.14,,,Mainly Clear
2016-05-01 13:00,2016,05,01,13:00,‡,17.7,9.2,57,28,16,48.3,101.86,,,Mainly Clear
2016-05-01 16:00,2016,05,01,16:00,‡,19.1,12.5,65,29,13,48.3,101.58,,,Clear
2016-05-01 19:00,2016,05,01,19:00,‡,16.6,11.4,71,29,10,48.3,101.34,,,Clear
2016-05-01 22:00,2016,05,01,22:00,‡,14.0,12.7,92,12,4,32.2,101.36,,,Clear
2016-05-02 01:00,2016,05,02,01:00,‡,11.3,8.9,85,2,5,32.2,101.41,,,Clear
2016-05-02 04:00,2016,05,02,04:00,‡,11.1,5.2,67,9,7,48.3,101.43,,,Clear
2016-05-02 07:00,2016,05,02,07:00,‡,14.5,8.7,68,22,7,48.3,101.51,,,Clear
2016-05-02 10:00,2016,05,02,10:00,‡,19.6,9.9,53,28,11,48.3,101.48,,,Clear
2016-05-02 13:00,2016,05,02,13:00,‡,22.7,12.5,52,27,11,48.3,101.34,25,,Mainly Clear
2016-05-02 16:00,2016,05,02,16:00,‡,24.4,14.7,54,30,9,48.3,101.16,28,,Mostly Cloudy
2016-05-02 19:00,2016,05,02,19:00,‡,18.8,12.2,65,31,10,48.3,101.11,,,Mainly Clear
2016-05-02 22:00,2016,05,02,22:00,‡,20.1,8.6,47,4,10,48.3,101.27,,,Mostly Cloudy
2016-05-03 01:00,2016,05,03,01:00,‡,15.4,11.0,75,16,8,32.2,101.31,,,Mainly Clear
2016-05-03 04:00,2016,05,03,04:00,‡,16.2,11.2,72,36,7,32.2,101.39,,,Mostly Cloudy
2016-05-03 06:00,2016,05,03,06:00,‡,15.9,11.3,74,11,7,48.3,101.47,,,Rain
2016-05-03 07:00,2016,05,03,07:00,‡,16.2,12.2,77,26,13,48.3,101.56,,,Cloudy
2016-05-03 08:00,2016,05,03,08:00,‡,16.2,13.2,82,34,25,48.3,101.52,,,Rain
2016-05-03 10:00,2016,05,03,10:00,‡,18.8,13.3,70,29,26,48.3,101.58,,,Cloudy
2016-05-03 13:00,2016,05,03,13:00,‡,17.9,13.5,75,28,23,48.3,101.62,,,Cloudy
2016-05-03 16:00,2016,05,03,16:00,‡,16.2,13.4,83,28,30,48.3,101.61,,,Cloudy
2016-05-03 19:00,2016,05,03,19:00,‡,15.5,11.9,79,30,7,48.3,101.66,,,Cloudy
2016-05-03 20:00,2016,05,03,20:00,‡,14.3,13.0,92,25,10,32.2,101.72,,,Rain Showers
2016-05-03 22:00,2016,05,03,22:00,‡,14.3,13.2,93,30,9,32.2,101.77,,,Rain Showers
2016-05-03 23:00,2016,05,03,23:00,‡,14.0,13.1,94,29,17,24.1,101.81,,,Rain Showers
2016-05-04 01:00,2016,05,04,01:00,‡,12.2,10.8,91,28,39,24.1,101.81,,,Cloudy
2016-05-04 04:00,2016,05,04,04:00,‡,10.7,8.1,84,29,44,24.1,101.74,,,Cloudy
2016-05-04 06:00,2016,05,04,06:00,‡,10.0,7.4,84,29,43,24.1,101.77,,,Rain Showers
2016-05-04 07:00,2016,05,04,07:00,‡,10.1,7.4,83,29,40,24.1,101.75,,,Rain Showers
2016-05-04 08:00,2016,05,04,08:00,‡,10.0,8.1,88,29,35,24.1,101.78,,,Rain Showers
2016-05-04 09:00,2016,05,04,09:00,‡,10.3,7.6,83,29,39,24.1,101.75,,,Rain Showers
2016-05-04 10:00,2016,05,04,10:00,‡,11.2,7.5,78,28,39,24.1,101.78,,,Cloudy
2016-05-04 13:00,2016,05,04,13:00,‡,14.0,7.8,66,29,27,32.2,101.73,,,Cloudy
2016-05-04 16:00,2016,05,04,16:00,‡,15.1,7.0,58,29,18,48.3,101.60,,,Mostly Cloudy
2016-05-04 19:00,2016,05,04,19:00,‡,11.4,7.0,74,30,10,48.3,101.51,,,Mostly Cloudy
2016-05-04 22:00,2016,05,04,22:00,‡,8.9,7.4,90,28,7,48.3,101.53,,,Mainly Clear
2016-05-05 01:00,2016,05,05,01:00,‡,10.9,8.0,82,29,31,32.2,101.57,,,Clear
2016-05-05 04:00,2016,05,05,04:00,‡,10.3,7.7,84,30,26,32.2,101.65,,,Mainly Clear
2016-05-05 07:00,2016,05,05,07:00,‡,11.7,8.2,79,30,30,48.3,101.72,,,Mostly Cloudy
2016-05-05 10:00,2016,05,05,10:00,‡,13.9,9.0,72,29,34,48.3,101.75,,,Mainly Clear
2016-05-05 13:00,2016,05,05,13:00,‡,16.2,10.4,68,29,26,48.3,101.71,,,Mainly Clear
2016-05-05 16:00,2016,05,05,16:00,‡,16.8,10.5,66,30,20,48.3,101.55,,,Mainly Clear
2016-05-05 19:00,2016,05,05,19:00,‡,14.4,10.1,75,31,18,48.3,101.57,,,Clear
2016-05-05 22:00,2016,05,05,22:00,‡,11.2,10.1,93,32,4,48.3,101.67,,,Clear
2016-05-06 01:00,2016,05,06,01:00,‡,12.1,10.4,89,29,20,32.2,101.84,,,Clear
2016-05-06 04:00,2016,05,06,04:00,‡,11.9,9.5,85,30,28,32.2,101.91,,,Clear
2016-05-06 07:00,2016,05,06,07:00,‡,13.5,10.2,80,30,28,48.3,101.94,,,Clear
2016-05-06 10:00,2016,05,06,10:00,‡,15.7,10.3,70,30,34,48.3,101.92,,,Mainly Clear
2016-05-06 13:00,2016,05,06,13:00,‡,18.0,10.2,60,30,33,48.3,101.74,,,Mainly Clear
2016-05-06 16:00,2016,05,06,16:00,‡,18.8,10.5,58,31,18,48.3,101.55,,,Mainly Clear
2016-05-06 19:00,2016,05,06,19:00,‡,15.9,9.9,67,31,20,48.3,101.42,,,Mainly Clear
2016-05-06 22:00,2016,05,06,22:00,‡,15.1,8.6,65,31,12,48.3,101.42,,,Clear
2016-05-07 01:00,2016,05,07,01:00,‡,13.3,10.1,81,32,18,48.3,101.44,,,Clear
2016-05-07 04:00,2016,05,07,04:00,‡,11.9,10.2,89,30,19,48.3,101.40,,,Clear
2016-05-07 07:00,2016,05,07,07:00,‡,13.9,10.7,81,30,18,48.3,101.38,,,Clear
2016-05-07 10:00,2016,05,07,10:00,‡,16.6,10.7,68,29,26,48.3,101.27,,,Clear
2016-05-07 13:00,2016,05,07,13:00,‡,18.5,10.4,59,28,17,48.3,101.09,,,Mainly Clear
2016-05-07 16:00,2016,05,07,16:00,‡,17.7,10.2,61,25,13,48.3,100.96,,,Mostly Cloudy
2016-05-07 19:00,2016,05,07,19:00,‡,17.3,11.2,67,22,14,48.3,100.87,,,Mostly Cloudy
2016-05-07 22:00,2016,05,07,22:00,‡,13.6,9.3,75,28,52,32.2,100.87,,,Mainly Clear
2016-05-08 01:00,2016,05,08,01:00,‡,11.4,7.0,74,27,52,32.2,101.01,,,Mainly Clear
2016-05-08 04:00,2016,05,08,04:00,‡,10.3,5.7,73,27,46,32.2,101.20,,,Mainly Clear
2016-05-08 07:00,2016,05,08,07:00,‡,11.4,5.1,65,27,39,24.1,101.35,,,Mostly Cloudy
2016-05-08 10:00,2016,05,08,10:00,‡,13.6,5.8,59,26,30,48.3,101.41,,,Mainly Clear
2016-05-08 13:00,2016,05,08,13:00,‡,14.1,5.0,54,25,12,48.3,101.39,,,Mainly Clear
2016-05-08 16:00,2016,05,08,16:00,‡,15.4,7.0,57,19,21,48.3,101.23,,,Mainly Clear
2016-05-08 19:00,2016,05,08,19:00,‡,12.7,8.0,73,19,16,32.2,101.20,,,Mainly Clear
2016-05-08 21:00,2016,05,08,21:00,‡,12.5,7.8,73,10,18,32.2,101.34,,,Rain Showers
2016-05-08 22:00,2016,05,08,22:00,‡,11.7,6.2,69,9,16,32.2,101.43,,,Mostly Cloudy
2016-05-09 01:00,2016,05,09,01:00,‡,9.6,6.5,81,25,13,32.2,101.58,,,Mainly Clear
2016-05-09 04:00,2016,05,09,04:00,‡,8.7,7.2,90,31,17,32.2,101.63,,,Mainly Clear
2016-05-09 07:00,2016,05,09,07:00,‡,10.9,7.2,78,2,8,32.2,101.84,,,Clear
2016-05-09 10:00,2016,05,09,10:00,‡,13.4,8.3,71,27,17,32.2,101.92,,,Mainly Clear
2016-05-09 13:00,2016,05,09,13:00,‡,15.3,9.1,66,27,15,48.3,101.89,,,Mainly Clear
2016-05-09 16:00,2016,05,09,16:00,‡,18.1,8.5,53,29,18,48.3,101.83,,,Mainly Clear
2016-05-09 19:00,2016,05,09,19:00,‡,14.6,9.2,70,20,10,48.3,101.86,,,Mainly Clear
2016-05-09 22:00,2016,05,09,22:00,‡,11.4,6.2,70,9,9,48.3,102.06,,,Mainly Clear
2016-05-10 01:00,2016,05,10,01:00,‡,10.2,5.4,72,9,12,32.2,102.25,,,Clear
2016-05-10 04:00,2016,05,10,04:00,‡,8.9,4.2,72,1,5,48.3,102.38,,,Clear
2016-05-10 07:00,2016,05,10,07:00,‡,13.0,7.5,69,19,5,48.3,102.49,,,Clear
2016-05-10 10:00,2016,05,10,10:00,‡,14.4,8.8,69,23,11,48.3,102.48,,,Clear
2016-05-10 13:00,2016,05,10,13:00,‡,17.2,9.5,60,25,14,48.3,102.33,,,Mainly Clear
2016-05-10 16:00,2016,05,10,16:00,‡,19.6,9.0,50,25,9,48.3,102.13,,,Mainly Clear
2016-05-10 19:00,2016,05,10,19:00,‡,15.6,11.4,76,25,6,48.3,102.02,,,Cloudy
2016-05-10 22:00,2016,05,10,22:00,‡,14.7,7.6,62,10,16,32.2,101.99,,,Cloudy
2016-05-11 01:00,2016,05,11,01:00,‡,14.5,6.4,58,36,1,32.2,101.95,,,Mostly Cloudy
2016-05-11 04:00,2016,05,11,04:00,‡,12.5,9.0,79,13,4,32.2,101.93,,,Mostly Cloudy
2016-05-11 07:00,2016,05,11,07:00,‡,13.8,6.7,62,10,17,48.3,101.87,,,Mostly Cloudy
2016-05-11 10:00,2016,05,11,10:00,‡,16.3,10.7,69,23,4,48.3,101.81,,,Mostly Cloudy
2016-05-11 13:00,2016,05,11,13:00,‡,16.5,9.5,63,29,6,48.3,101.69,,,Rain
2016-05-11 14:00,2016,05,11,14:00,‡,17.8,8.7,55,8,16,48.3,101.62,,,Rain
2016-05-11 16:00,2016,05,11,16:00,‡,19.6,6.5,42,9,11,48.3,101.52,,,Mostly Cloudy
2016-05-11 19:00,2016,05,11,19:00,‡,14.8,11.4,80,31,12,48.3,101.39,,,Mainly Clear
2016-05-11 22:00,2016,05,11,22:00,‡,12.0,8.9,81,33,7,48.3,101.40,,,Clear
2016-05-12 01:00,2016,05,12,01:00,‡,10.5,6.1,74,14,4,48.3,101.36,,,Clear
2016-05-12 04:00,2016,05,12,04:00,‡,10.1,5.3,72,8,7,48.3,101.44,,,Clear
2016-05-12 07:00,2016,05,12,07:00,‡,14.2,8.2,67,7,9,48.3,101.54,,,Clear
2016-05-12 10:00,2016,05,12,10:00,‡,15.5,10.5,72,23,14,48.3,101.61,,,Mainly Clear
2016-05-12 13:00,2016,05,12,13:00,‡,18.7,8.8,52,25,13,48.3,101.62,,,Mainly Clear
2016-05-12 16:00,2016,05,12,16:00,‡,19.2,8.7,50,26,7,48.3,101.61,,,Mainly Clear
2016-05-12 19:00,2016,05,12,19:00,‡,18.2,9.6,57,32,8,48.3,101.55,,,Clear
2016-05-12 22:00,2016,05,12,22:00,‡,14.1,9.4,73,15,4,48.3,101.63,,,Clear
2016-05-13 01:00,2016,05,13,01:00,‡,12.8,10.4,85,7,3,32.2,101.65,,,Clear
2016-05-13 04:00,2016,05,13,04:00,‡,8.4,6.9,90,36,1,32.2,101.64,,,Mainly Clear
2016-05-13 07:00,2016,05,13,07:00,‡,14.4,12.1,86,23,8,48.3,101.65,,,Mostly Cloudy
2016-05-13 10:00,2016,05,13,10:00,‡,18.1,13.0,72,29,18,48.3,101.64,,,Mainly Clear
2016-05-13 13:00,2016,05,13,13:00,‡,20.2,11.8,58,30,22,48.3,101.49,,,Mostly Cloudy
2016-05-13 16:00,2016,05,13,16:00,‡,21.1,11.6,54,31,23,48.3,101.31,,,Mostly Cloudy
2016-05-13 19:00,2016,05,13,19:00,‡,18.0,11.9,67,30,18,48.3,101.17,,,Cloudy
2016-05-13 22:00,2016,05,13,22:00,‡,16.1,13.4,84,31,17,48.3,101.17,,,Mostly Cloudy
2016-05-14 01:00,2016,05,14,01:00,‡,13.7,10.5,81,32,8,48.3,101.15,,,Mainly Clear
2016-05-14 04:00,2016,05,14,04:00,‡,14.2,10.5,78,2,5,48.3,101.18,,,Mostly Cloudy
2016-05-14 07:00,2016,05,14,07:00,‡,19.4,11.5,60,25,5,48.3,101.17,,,Mostly Cloudy
2016-05-14 10:00,2016,05,14,10:00,‡,20.4,13.0,62,28,13,48.3,101.23,,,Mostly Cloudy
2016-05-14 13:00,2016,05,14,13:00,‡,19.2,12.6,65,21,14,48.3,101.16,,,Mostly Cloudy
2016-05-14 16:00,2016,05,14,16:00,‡,18.5,10.9,61,11,21,32.2,101.23,,,Cloudy
2016-05-14 19:00,2016,05,14,19:00,‡,16.1,10.9,71,12,29,48.3,101.22,,,Cloudy
2016-05-14 22:00,2016,05,14,22:00,‡,13.5,10.3,81,11,32,32.2,101.35,,,Mostly Cloudy
2016-05-15 01:00,2016,05,15,01:00,‡,13.3,10.7,84,10,23,24.1,101.36,,,Cloudy
2016-05-15 04:00,2016,05,15,04:00,‡,13.1,11.0,87,10,20,19.3,101.35,,,Cloudy
2016-05-15 07:00,2016,05,15,07:00,‡,13.4,10.2,81,11,21,19.3,101.39,,,Mostly Cloudy
2016-05-15 10:00,2016,05,15,10:00,‡,14.9,10.0,72,13,11,24.1,101.44,,,Cloudy
2016-05-15 13:00,2016,05,15,13:00,‡,15.8,10.0,68,11,13,19.3,101.51,,,Cloudy
2016-05-15 16:00,2016,05,15,16:00,‡,16.7,10.4,66,11,12,19.3,101.50,,,Mostly Cloudy
2016-05-15 19:00,2016,05,15,19:00,‡,14.4,10.3,76,13,17,24.1,101.58,,,Cloudy
2016-05-15 22:00,2016,05,15,22:00,‡,13.0,9.5,79,12,21,19.3,101.70,,,Cloudy
2016-05-16 01:00,2016,05,16,01:00,‡,12.8,9.1,78,11,18,19.3,101.79,,,Cloudy
2016-05-16 04:00,2016,05,16,04:00,‡,12.5,8.8,78,9,20,19.3,101.86,,,Cloudy
2016-05-16 07:00,2016,05,16,07:00,‡,12.2,8.9,80,10,16,16.1,102.04,,,Drizzle
2016-05-16 10:00,2016,05,16,10:00,‡,12.7,8.6,76,10,12,19.3,102.22,,,Cloudy
2016-05-16 13:00,2016,05,16,13:00,‡,14.0,9.7,75,13,8,24.1,102.30,,,Cloudy
2016-05-16 16:00,2016,05,16,16:00,‡,14.5,11.3,81,21,9,19.3,102.32,,,Cloudy
2016-05-16 19:00,2016,05,16,19:00,‡,14.0,10.6,80,20,12,19.3,102.31,,,Cloudy
2016-05-16 22:00,2016,05,16,22:00,‡,12.4,9.6,83,9,9,32.2,102.40,,,Mostly Cloudy
2016-05-17 01:00,2016,05,17,01:00,‡,12.3,9.0,80,10,14,32.2,102.44,,,Mostly Cloudy
2016-05-17 04:00,2016,05,17,04:00,‡,11.0,8.4,84,10,10,32.2,102.44,,,Mostly Cloudy
2016-05-17 07:00,2016,05,17,07:00,‡,13.3,9.0,75,11,11,48.3,102.52,,,Mostly Cloudy
2016-05-17 10:00,2016,05,17,10:00,‡,16.4,12.4,77,21,17,48.3,102.49,,,Cloudy
2016-05-17 13:00,2016,05,17,13:00,‡,17.3,11.0,66,22,19,48.3,102.39,,,Cloudy
2016-05-17 16:00,2016,05,17,16:00,‡,18.8,10.7,59,21,17,48.3,102.21,,,Cloudy
2016-05-17 19:00,2016,05,17,19:00,‡,17.0,12.0,72,20,11,32.2,102.08,,,Mostly Cloudy
2016-05-17 22:00,2016,05,17,22:00,‡,14.7,9.8,72,10,17,32.2,102.03,,,Mostly Cloudy
2016-05-18 01:00,2016,05,18,01:00,‡,14.1,9.4,73,10,17,32.2,101.92,,,Mostly Cloudy
2016-05-18 04:00,2016,05,18,04:00,‡,13.1,8.4,73,11,17,24.1,101.85,,,Mostly Cloudy
2016-05-18 07:00,2016,05,18,07:00,‡,13.5,9.4,76,10,20,48.3,101.82,,,Cloudy
2016-05-18 10:00,2016,05,18,10:00,‡,15.8,9.1,64,12,14,48.3,101.74,,,Cloudy
2016-05-18 13:00,2016,05,18,13:00,‡,16.8,8.6,58,14,13,48.3,101.57,,,Cloudy
2016-05-18 16:00,2016,05,18,16:00,‡,18.7,12.1,65,27,8,48.3,101.35,,,Cloudy
2016-05-18 19:00,2016,05,18,19:00,‡,14.4,7.3,62,20,13,32.2,101.18,,,Mostly Cloudy
2016-05-18 22:00,2016,05,18,22:00,‡,12.2,9.6,84,29,34,32.2,101.18,,,Mostly Cloudy
2016-05-19 01:00,2016,05,19,01:00,‡,10.7,8.1,84,28,30,19.3,101.18,,,Rain
2016-05-19 02:00,2016,05,19,02:00,‡,10.5,8.1,85,29,34,19.3,101.14,,,Moderate Rain
2016-05-19 04:00,2016,05,19,04:00,‡,10.9,7.1,77,28,31,32.2,101.09,,,Cloudy
2016-05-19 07:00,2016,05,19,07:00,‡,11.4,6.4,71,26,20,32.2,101.14,,,Cloudy
2016-05-19 10:00,2016,05,19,10:00,‡,12.9,6.8,66,25,15,48.3,101.12,,,Cloudy
2016-05-19 13:00,2016,05,19,13:00,‡,12.8,6.2,64,23,10,48.3,101.06,,,Cloudy
2016-05-19 16:00,2016,05,19,16:00,‡,13.0,6.0,62,25,7,48.3,101.06,,,Cloudy
2016-05-19 19:00,2016,05,19,19:00,‡,12.9,6.5,65,22,9,48.3,101.01,,,Mainly Clear
2016-05-19 22:00,2016,05,19,22:00,‡,10.5,6.7,77,2,7,48.3,101.07,,,Mainly Clear
2016-05-20 01:00,2016,05,20,01:00,‡,11.7,6.7,71,7,7,32.2,101.05,,,Cloudy
2016-05-20 03:00,2016,05,20,03:00,‡,10.3,8.6,89,9,12,32.2,101.08,,,Rain
2016-05-20 04:00,2016,05,20,04:00,‡,10.1,8.7,91,9,13,32.2,101.06,,,Cloudy
2016-05-20 06:00,2016,05,20,06:00,‡,10.4,9.2,92,10,10,24.1,101.13,,,Rain Showers
2016-05-20 07:00,2016,05,20,07:00,‡,11.1,8.5,84,10,9,24.1,101.12,,,Mostly Cloudy
2016-05-20 10:00,2016,05,20,10:00,‡,13.4,9.1,75,25,12,24.1,101.04,,,Mostly Cloudy
2016-05-20 13:00,2016,05,20,13:00,‡,15.6,8.7,63,25,21,48.3,100.92,,,Mainly Clear
2016-05-20 16:00,2016,05,20,16:00,‡,16.8,10.3,65,29,28,48.3,100.77,,,Mainly Clear
2016-05-20 19:00,2016,05,20,19:00,‡,14.5,10.8,78,29,21,48.3,100.74,,,Mainly Clear
2016-05-20 22:00,2016,05,20,22:00,‡,13.2,11.3,88,30,12,48.3,100.69,,,Mainly Clear
2016-05-21 01:00,2016,05,21,01:00,‡,9.4,7.5,88,9,4,32.2,100.66,,,Mainly Clear
2016-05-21 04:00,2016,05,21,04:00,‡,11.9,10.5,91,29,11,32.2,100.60,,,Mostly Cloudy
2016-05-21 07:00,2016,05,21,07:00,‡,14.3,11.5,83,29,11,48.3,100.64,,,Cloudy
2016-05-21 10:00,2016,05,21,10:00,‡,15.4,10.0,70,24,10,40.2,100.71,,,Cloudy
2016-05-21 13:00,2016,05,21,13:00,‡,18.1,8.5,53,12,18,48.3,100.74,,,Cloudy
2016-05-21 16:00,2016,05,21,16:00,‡,16.8,8.3,57,15,25,48.3,100.78,,,Cloudy
2016-05-21 19:00,2016,05,21,19:00,‡,14.4,10.5,77,11,22,48.3,100.87,,,Mostly Cloudy
2016-05-21 22:00,2016,05,21,22:00,‡,13.2,9.7,79,10,22,32.2,100.96,,,Mostly Cloudy
2016-05-22 01:00,2016,05,22,01:00,‡,13.0,10.0,82,9,19,32.2,100.94,,,Mostly Cloudy
2016-05-22 04:00,2016,05,22,04:00,‡,11.1,9.0,87,9,14,32.2,100.99,,,Mostly Cloudy
2016-05-22 07:00,2016,05,22,07:00,‡,12.5,9.4,81,8,8,24.1,101.10,,,Rain
2016-05-22 10:00,2016,05,22,10:00,‡,16.0,7.1,55,22,11,24.1,101.09,,,Mostly Cloudy
2016-05-22 13:00,2016,05,22,13:00,‡,17.8,7.1,49,19,12,32.2,101.09,,,Mostly Cloudy
2016-05-22 16:00,2016,05,22,16:00,‡,18.1,8.5,53,18,21,48.3,101.08,,,Cloudy
2016-05-22 19:00,2016,05,22,19:00,‡,16.2,8.3,59,16,9,32.2,101.05,,,Mostly Cloudy
2016-05-22 22:00,2016,05,22,22:00,‡,14.2,9.9,75,18,10,32.2,101.09,,,Mostly Cloudy
2016-05-23 01:00,2016,05,23,01:00,‡,13.8,7.8,67,16,5,32.2,101.09,,,Mostly Cloudy
2016-05-23 04:00,2016,05,23,04:00,‡,12.9,9.2,78,9,10,32.2,101.12,,,Cloudy
2016-05-23 07:00,2016,05,23,07:00,‡,12.5,8.8,78,11,17,32.2,101.23,,,Rain Showers
2016-05-23 10:00,2016,05,23,10:00,‡,14.4,9.7,73,8,15,32.2,101.26,,,Cloudy
2016-05-23 13:00,2016,05,23,13:00,‡,16.7,11.5,71,9,13,32.2,101.26,,,Cloudy
2016-05-23 16:00,2016,05,23,16:00,‡,16.3,9.6,64,23,7,32.2,101.28,,,Mostly Cloudy
2016-05-23 19:00,2016,05,23,19:00,‡,14.8,9.7,71,9,15,32.2,101.24,,,Cloudy
2016-05-23 22:00,2016,05,23,22:00,‡,14.1,10.6,79,7,13,24.1,101.29,,,Cloudy
2016-05-24 01:00,2016,05,24,01:00,‡,13.7,10.4,80,10,11,24.1,101.29,,,Cloudy
2016-05-24 04:00,2016,05,24,04:00,‡,13.3,10.1,81,10,11,24.1,101.31,,,Cloudy
2016-05-24 07:00,2016,05,24,07:00,‡,14.1,9.8,75,9,9,24.1,101.38,,,Cloudy
2016-05-24 10:00,2016,05,24,10:00,‡,14.6,11.4,81,26,14,24.1,101.44,,,Cloudy
2016-05-24 13:00,2016,05,24,13:00,‡,16.4,11.2,71,25,8,24.1,101.50,,,Cloudy
2016-05-24 16:00,2016,05,24,16:00,‡,16.9,10.8,67,23,9,24.1,101.46,,,Mostly Cloudy
2016-05-24 19:00,2016,05,24,19:00,‡,17.0,10.7,66,16,10,24.1,101.45,,,Mainly Clear
2016-05-24 22:00,2016,05,24,22:00,‡,14.2,10.7,79,9,14,32.2,101.56,,,Mostly Cloudy
2016-05-25 01:00,2016,05,25,01:00,‡,13.6,10.6,82,9,14,32.2,101.61,,,Mostly Cloudy
2016-05-25 04:00,2016,05,25,04:00,‡,12.6,10.0,84,10,6,24.1,101.72,,,Mostly Cloudy
2016-05-25 07:00,2016,05,25,07:00,‡,13.9,10.5,80,12,8,24.1,101.83,,,Mainly Clear
2016-05-25 10:00,2016,05,25,10:00,‡,16.6,12.4,76,29,12,24.1,101.92,,,Mostly Cloudy
2016-05-25 13:00,2016,05,25,13:00,‡,16.4,12.0,75,25,12,32.2,101.96,,,Mostly Cloudy
2016-05-25 16:00,2016,05,25,16:00,‡,18.7,11.6,63,19,15,48.3,101.93,,,Mainly Clear
2016-05-25 19:00,2016,05,25,19:00,‡,16.8,10.0,64,14,12,32.2,101.90,,,Mostly Cloudy
2016-05-25 22:00,2016,05,25,22:00,‡,14.7,9.6,71,10,18,32.2,101.94,,,Mostly Cloudy
2016-05-26 01:00,2016,05,26,01:00,‡,12.2,9.1,81,9,21,32.2,102.01,,,Mostly Cloudy
2016-05-26 04:00,2016,05,26,04:00,‡,11.6,8.3,80,10,23,24.1,102.00,,,Mostly Cloudy
2016-05-26 07:00,2016,05,26,07:00,‡,12.3,8.8,79,10,18,24.1,102.04,,,Cloudy
2016-05-26 08:00,2016,05,26,08:00,‡,12.4,8.5,77,8,22,24.1,102.02,,,Drizzle
2016-05-26 10:00,2016,05,26,10:00,‡,12.3,9.2,81,9,18,24.1,102.04,,,Cloudy
2016-05-26 13:00,2016,05,26,13:00,‡,13.8,9.3,74,15,16,24.1,102.00,,,Cloudy
2016-05-26 16:00,2016,05,26,16:00,‡,14.4,8.8,69,12,23,24.1,101.87,,,Cloudy
2016-05-26 19:00,2016,05,26,19:00,‡,14.1,6.5,60,16,17,24.1,101.65,,,Cloudy
2016-05-26 20:00,2016,05,26,20:00,‡,10.2,8.5,89,33,25,19.3,101.76,,,Moderate Rain Showers
2016-05-26 21:00,2016,05,26,21:00,‡,10.1,9.0,93,35,12,19.3,101.84,,,Rain Showers
2016-05-26 22:00,2016,05,26,22:00,‡,10.3,8.3,87,5,9,19.3,101.85,,,Rain
2016-05-26 23:00,2016,05,26,23:00,‡,9.5,8.1,91,14,13,24.1,101.85,,,Rain
2016-05-27 00:00,2016,05,27,00:00,‡,9.7,8.6,93,10,12,19.3,101.83,,,Rain
2016-05-27 01:00,2016,05,27,01:00,‡,9.6,8.5,93,9,10,19.3,101.82,,,Rain
2016-05-27 02:00,2016,05,27,02:00,‡,9.7,8.6,93,7,7,19.3,101.83,,,Rain
2016-05-27 03:00,2016,05,27,03:00,‡,9.5,8.8,95,12,7,16.1,101.82,,,Rain
2016-05-27 04:00,2016,05,27,04:00,‡,9.7,8.8,94,12,5,19.3,101.83,,,Rain
2016-05-27 07:00,2016,05,27,07:00,‡,11.2,9.1,87,9,10,24.1,101.90,,,Mostly Cloudy
2016-05-27 10:00,2016,05,27,10:00,‡,14.3,7.9,65,26,15,24.1,101.93,,,Mainly Clear
2016-05-27 13:00,2016,05,27,13:00,‡,14.9,7.5,61,22,13,32.2,101.88,,,Mostly Cloudy
2016-05-27 16:00,2016,05,27,16:00,‡,13.4,6.3,62,21,25,24.1,101.82,,,Cloudy
2016-05-27 19:00,2016,05,27,19:00,‡,11.6,8.8,83,1,13,24.1,101.78,,,Cloudy
2016-05-27 22:00,2016,05,27,22:00,‡,10.8,8.9,88,9,13,19.3,101.81,,,Rain Showers
2016-05-28 01:00,2016,05,28,01:00,‡,10.4,8.7,89,9,10,19.3,101.77,,,Rain
2016-05-28 02:00,2016,05,28,02:00,‡,9.8,8.3,90,8,14,19.3,101.72,,,Rain
2016-05-28 03:00,2016,05,28,03:00,‡,9.5,8.6,94,10,12,16.1,101.70,,,Rain
2016-05-28 04:00,2016,05,28,04:00,‡,9.5,8.8,95,10,13,16.1,101.69,,,Rain
2016-05-28 05:00,2016,05,28,05:00,‡,9.3,8.2,93,11,16,12.9,101.65,,,Rain
2016-05-28 06:00,2016,05,28,06:00,‡,9.4,8.5,94,9,18,6.4,101.62,,,"Rain,Fog"
2016-05-28 07:00,2016,05,28,07:00,‡,9.6,8.8,95,11,19,6.4,101.57,,,"Rain,Fog"
2016-05-28 08:00,2016,05,28,08:00,‡,9.7,8.9,95,10,21,4.8,101.56,,,"Moderate Rain,Fog"
2016-05-28 09:00,2016,05,28,09:00,‡,9.8,9.4,97,9,23,3.2,101.52,,,"Heavy Rain,Fog"
2016-05-28 10:00,2016,05,28,10:00,‡,10.4,9.0,91,12,26,8.1,101.50,,,"Rain,Fog"
2016-05-28 11:00,2016,05,28,11:00,‡,10.8,9.6,92,13,20,12.9,101.49,,,Rain
2016-05-28 13:00,2016,05,28,13:00,‡,12.4,10.2,86,13,31,16.1,101.43,,,Cloudy
2016-05-28 15:00,2016,05,28,15:00,‡,12.9,11.5,91,13,23,16.1,101.38,,,Rain Showers
2016-05-28 16:00,2016,05,28,16:00,‡,14.1,11.5,84,14,27,16.1,101.35,,,Cloudy
2016-05-28 17:00,2016,05,28,17:00,‡,13.9,11.3,84,16,30,16.1,101.32,,,Rain Showers
2016-05-28 19:00,2016,05,28,19:00,‡,13.6,11.2,85,16,22,19.3,101.37,,,Cloudy
2016-05-28 22:00,2016,05,28,22:00,‡,12.4,11.2,92,9,7,19.3,101.48,,,Cloudy
2016-05-29 01:00,2016,05,29,01:00,‡,11.0,10.4,96,33,6,19.3,101.54,,,Mostly Cloudy
2016-05-29 04:00,2016,05,29,04:00,‡,10.0,9.6,97,36,1,24.1,101.64,,,Cloudy
2016-05-29 07:00,2016,05,29,07:00,‡,13.2,10.4,83,31,9,32.2,101.77,,,Mostly Cloudy
2016-05-29 10:00,2016,05,29,10:00,‡,14.8,10.7,76,28,26,32.2,101.92,,,Mostly Cloudy
2016-05-29 13:00,2016,05,29,13:00,‡,16.5,10.0,65,28,28,32.2,102.02,,,Mainly Clear
2016-05-29 16:00,2016,05,29,16:00,‡,16.7,8.0,56,24,23,48.3,102.05,,,Mainly Clear
2016-05-29 19:00,2016,05,29,19:00,‡,15.4,9.2,66,16,10,48.3,102.13,,,Mainly Clear
2016-05-29 22:00,2016,05,29,22:00,‡,13.4,8.7,73,7,12,48.3,102.27,,,Mainly Clear
2016-05-30 01:00,2016,05,30,01:00,‡,9.8,7.6,86,9,12,32.2,102.39,,,Mainly Clear
2016-05-30 04:00,2016,05,30,04:00,‡,10.0,7.6,85,8,8,48.3,102.52,,,Mostly Cloudy
2016-05-30 07:00,2016,05,30,07:00,‡,12.8,8.9,77,11,7,48.3,102.62,,,Mainly Clear
2016-05-30 10:00,2016,05,30,10:00,‡,15.1,10.6,74,23,18,48.3,102.58,,,Mainly Clear
2016-05-30 13:00,2016,05,30,13:00,‡,17.0,10.7,66,28,13,48.3,102.52,,,Mostly Cloudy
2016-05-30 16:00,2016,05,30,16:00,‡,16.4,9.4,63,24,14,48.3,102.38,,,Mostly Cloudy
2016-05-30 19:00,2016,05,30,19:00,‡,15.9,10.1,68,23,7,48.3,102.24,,,Mostly Cloudy
2016-05-30 22:00,2016,05,30,22:00,‡,14.1,9.4,73,36,2,48.3,102.19,,,Mainly Clear
2016-05-31 01:00,2016,05,31,01:00,‡,12.0,9.4,84,2,4,48.3,102.12,,,Cloudy
2016-05-31 04:00,2016,05,31,04:00,‡,10.1,7.7,85,0,1,48.3,102.07,,,Mainly Clear
2016-05-31 07:00,2016,05,31,07:00,‡,15.7,10.9,73,28,7,48.3,102.03,,,Cloudy
2016-05-31 10:00,2016,05,31,10:00,‡,17.5,12.0,70,26,14,48.3,101.93,,,Mostly Cloudy
2016-05-31 13:00,2016,05,31,13:00,‡,19.4,10.2,55,27,14,48.3,101.75,,,Cloudy
2016-05-31 16:00,2016,05,31,16:00,‡,19.6,11.5,59,29,4,48.3,101.52,,,Cloudy
2016-05-31 19:00,2016,05,31,19:00,‡,16.7,14.2,85,29,8,48.3,101.40,,,Cloudy
2016-05-31 22:00,2016,05,31,22:00,‡,16.2,12.4,78,17,3,32.2,101.31,,,Cloudy
2016-12-01 01:00,2016,12,01,01:00,‡,6.3,3.5,82,27,27,32.2,101.95,,,Mainly Clear
2016-12-01 04:00,2016,12,01,04:00,‡,6.1,3.9,86,25,25,32.2,102.12,,,Mainly Clear
2016-12-01 07:00,2016,12,01,07:00,‡,2.4,1.4,93,10,9,32.2,102.24,,,Mainly Clear
2016-12-01 10:00,2016,12,01,10:00,‡,5.3,3.5,88,10,9,48.3,102.39,,,Mostly Cloudy
2016-12-01 13:00,2016,12,01,13:00,‡,7.4,4.5,82,9,9,32.2,102.49,,,Cloudy
2016-12-01 14:00,2016,12,01,14:00,‡,6.9,4.9,87,10,16,24.1,102.49,,,Rain Showers
2016-12-01 15:00,2016,12,01,15:00,‡,6.7,5.2,90,9,15,24.1,102.51,,,Rain
2016-12-01 16:00,2016,12,01,16:00,‡,6.5,5.0,90,8,12,24.1,102.56,,,Rain
2016-12-01 17:00,2016,12,01,17:00,‡,6.2,5.2,93,9,14,24.1,102.58,,,Rain
2016-12-01 19:00,2016,12,01,19:00,‡,5.9,4.9,93,7,16,16.1,102.61,,,Cloudy
2016-12-01 20:00,2016,12,01,20:00,‡,5.5,4.6,94,8,19,4.8,102.63,,,"Drizzle,Fog"
2016-12-01 21:00,2016,12,01,21:00,‡,5.6,5.0,96,7,17,6.4,102.59,,,"Rain,Drizzle,Fog"
2016-12-01 22:00,2016,12,01,22:00,‡,5.6,4.7,94,7,17,12.9,102.57,,,Rain
2016-12-02 00:00,2016,12,02,00:00,‡,5.5,4.9,96,7,17,9.7,102.58,,,Fog
2016-12-02 01:00,2016,12,02,01:00,‡,5.4,5.0,97,7,17,4.8,102.56,,,"Drizzle,Fog"
2016-12-02 02:00,2016,12,02,02:00,‡,5.4,5.0,97,7,18,9.7,102.52,,,"Rain,Fog"
2016-12-02 03:00,2016,12,02,03:00,‡,5.6,4.9,95,7,19,16.1,102.46,,,Rain
2016-12-02 04:00,2016,12,02,04:00,‡,5.7,5.0,95,8,17,12.9,102.42,,,Rain
2016-12-02 05:00,2016,12,02,05:00,‡,5.8,5.1,95,7,20,16.1,102.37,,,Rain
2016-12-02 06:00,2016,12,02,06:00,‡,6.0,5.1,94,8,23,16.1,102.35,,,Rain
2016-12-02 07:00,2016,12,02,07:00,‡,6.2,5.3,94,8,18,19.3,102.29,,,Rain
2016-12-02 08:00,2016,12,02,08:00,‡,6.2,5.5,95,9,22,8.1,102.25,,,"Rain,Fog"
2016-12-02 09:00,2016,12,02,09:00,‡,6.3,5.7,96,9,22,19.3,102.17,,,Rain
2016-12-02 10:00,2016,12,02,10:00,‡,6.7,6.1,96,8,23,8.1,102.07,,,"Rain,Fog"
2016-12-02 12:00,2016,12,02,12:00,‡,8.2,6.7,90,13,31,16.1,101.84,,,Rain
2016-12-02 13:00,2016,12,02,13:00,‡,8.0,6.9,93,12,29,6.4,101.73,,,"Rain,Drizzle,Fog"
2016-12-02 14:00,2016,12,02,14:00,‡,7.9,7.2,95,13,34,3.2,101.64,,,"Rain,Drizzle,Fog"
2016-12-02 15:00,2016,12,02,15:00,‡,8.1,7.4,95,15,27,16.1,101.63,,,Rain
2016-12-02 16:00,2016,12,02,16:00,‡,8.2,7.3,94,15,24,24.1,101.59,,,Cloudy
2016-12-02 19:00,2016,12,02,19:00,‡,8.2,6.7,90,22,24,24.1,101.58,,,Mostly Cloudy
2016-12-02 22:00,2016,12,02,22:00,‡,7.3,4.6,83,26,16,32.2,101.77,,,Mainly Clear
2016-12-03 01:00,2016,12,03,01:00,‡,6.3,5.3,93,28,17,32.2,101.98,,,Mainly Clear
2016-12-03 04:00,2016,12,03,04:00,‡,6.1,4.8,91,21,17,32.2,102.14,,,Mainly Clear
2016-12-03 07:00,2016,12,03,07:00,‡,3.4,3.0,97,7,8,48.3,102.23,,,Mostly Cloudy
2016-12-03 10:00,2016,12,03,10:00,‡,6.0,4.3,89,8,12,32.2,102.23,,,Cloudy
2016-12-03 13:00,2016,12,03,13:00,‡,8.2,5.2,81,13,8,32.2,102.15,,,Rain
2016-12-03 14:00,2016,12,03,14:00,‡,8.0,5.3,83,18,11,32.2,102.12,,,Rain Showers
2016-12-03 15:00,2016,12,03,15:00,‡,7.8,5.3,84,19,18,24.1,102.07,,,Rain Showers
2016-12-03 16:00,2016,12,03,16:00,‡,7.6,5.3,85,18,17,24.1,102.01,,,Rain
2016-12-03 17:00,2016,12,03,17:00,‡,7.0,5.5,90,18,14,19.3,101.93,,,Rain
2016-12-03 18:00,2016,12,03,18:00,‡,6.5,5.5,93,14,8,24.1,101.84,,,Rain
2016-12-03 19:00,2016,12,03,19:00,‡,6.6,5.4,92,19,12,16.1,101.75,,,Rain
2016-12-03 20:00,2016,12,03,20:00,‡,6.2,5.3,94,18,8,19.3,101.68,,,Rain
2016-12-03 21:00,2016,12,03,21:00,‡,6.5,5.3,92,22,11,16.1,101.65,,,Rain
2016-12-03 22:00,2016,12,03,22:00,‡,6.3,4.8,90,19,13,16.1,101.59,,,Rain
2016-12-04 01:00,2016,12,04,01:00,‡,5.5,3.2,85,27,19,19.3,101.47,,,Cloudy
2016-12-04 04:00,2016,12,04,04:00,‡,4.9,1.8,80,29,35,24.1,101.39,,,Rain Showers
2016-12-04 07:00,2016,12,04,07:00,‡,4.0,0.2,76,29,37,24.1,101.38,,,Mainly Clear
2016-12-04 10:00,2016,12,04,10:00,‡,4.9,0.3,72,29,49,48.3,101.46,,,Clear
2016-12-04 13:00,2016,12,04,13:00,‡,6.0,1.2,71,30,32,48.3,101.60,,,Mainly Clear
2016-12-04 16:00,2016,12,04,16:00,‡,4.8,-0.2,70,28,26,48.3,101.67,,,Mostly Cloudy
2016-12-04 19:00,2016,12,04,19:00,‡,3.0,0.6,84,33,18,32.2,101.74,,,Mainly Clear
2016-12-04 22:00,2016,12,04,22:00,‡,0.6,-1.0,89,10,13,32.2,101.86,,,Mainly Clear
2016-12-05 01:00,2016,12,05,01:00,‡,1.4,-0.1,90,7,13,32.2,101.86,,,Mostly Cloudy
2016-12-05 04:00,2016,12,05,04:00,‡,2.1,0.6,90,7,22,24.1,101.78,,,Cloudy
2016-12-05 05:00,2016,12,05,05:00,‡,1.4,0.5,94,8,20,16.1,101.76,,,Rain Showers
2016-12-05 06:00,2016,12,05,06:00,‡,0.3,-0.1,97,9,16,3.2,101.74,,,Snow Showers
2016-12-05 07:00,2016,12,05,07:00,‡,0.2,-0.1,98,6,14,1.6,101.71,,,Snow
2016-12-05 08:00,2016,12,05,08:00,‡,0.9,0.5,97,8,22,12.9,101.67,,,Snow
2016-12-05 09:00,2016,12,05,09:00,‡,1.2,0.3,94,8,25,11.3,101.63,,,Snow
2016-12-05 10:00,2016,12,05,10:00,‡,0.8,0.1,95,9,26,4.0,101.64,,,Snow
2016-12-05 11:00,2016,12,05,11:00,‡,0.6,0.2,97,10,21,4.0,101.65,,,Snow
2016-12-05 12:00,2016,12,05,12:00,‡,0.6,0.2,97,9,22,2.0,101.64,,,Snow
2016-12-05 13:00,2016,12,05,13:00,‡,1.1,0.5,96,8,18,8.1,101.61,,,"Rain,Fog"
2016-12-05 14:00,2016,12,05,14:00,‡,1.0,0.4,96,8,16,4.8,101.61,,,"Rain,Fog"
2016-12-05 15:00,2016,12,05,15:00,‡,1.4,0.7,95,9,19,12.9,101.61,,,Fog
2016-12-05 16:00,2016,12,05,16:00,‡,1.1,0.5,96,7,19,24.1,101.60,,,Cloudy
2016-12-05 19:00,2016,12,05,19:00,‡,1.0,0.1,94,11,20,19.3,101.68,,,Mostly Cloudy
2016-12-05 20:00,2016,12,05,20:00,‡,0.6,0.2,97,13,9,8.1,101.70,,,"Rain Showers,Snow Showers"
2016-12-05 22:00,2016,12,05,22:00,‡,0.5,-0.1,96,36,2,24.1,101.76,,,Mostly Cloudy
2016-12-06 01:00,2016,12,06,01:00,‡,-1.3,-2.7,90,9,10,32.2,101.83,,-5,Mainly Clear
2016-12-06 04:00,2016,12,06,04:00,‡,-1.2,-3.7,83,5,7,32.2,101.96,,-4,Mainly Clear
2016-12-06 07:00,2016,12,06,07:00,‡,-2.0,-5.7,76,10,10,48.3,102.08,,-6,Clear
2016-12-06 10:00,2016,12,06,10:00,‡,0.6,-4.1,71,10,15,48.3,102.29,,,Mainly Clear
2016-12-06 13:00,2016,12,06,13:00,‡,2.9,-4.8,57,11,10,48.3,102.36,,,Mostly Cloudy
2016-12-06 16:00,2016,12,06,16:00,‡,0.6,-5.9,62,10,8,48.3,102.52,,,Mostly Cloudy
2016-12-06 19:00,2016,12,06,19:00,‡,0.2,-6.7,60,10,15,32.2,102.69,,,Mostly Cloudy
2016-12-06 22:00,2016,12,06,22:00,‡,-2.5,-7.1,71,10,13,32.2,102.89,,-7,Mostly Cloudy
2016-12-07 01:00,2016,12,07,01:00,‡,-2.4,-8.7,62,12,9,32.2,103.08,,-6,Mostly Cloudy
2016-12-07 04:00,2016,12,07,04:00,‡,-3.2,-10.1,59,36,2,32.2,103.18,,-4,Mainly Clear
2016-12-07 07:00,2016,12,07,07:00,‡,-5.5,-10.3,69,11,12,48.3,103.24,,-10,Clear
2016-12-07 10:00,2016,12,07,10:00,‡,-2.7,-9.7,59,11,13,48.3,103.29,,-7,Clear
2016-12-07 13:00,2016,12,07,13:00,‡,-0.1,-9.9,48,15,6,48.3,103.21,,-2,Clear
2016-12-07 16:00,2016,12,07,16:00,‡,-1.2,-8.2,59,36,2,48.3,103.12,,-2,Clear
2016-12-07 19:00,2016,12,07,19:00,‡,-3.2,-11.3,54,11,10,32.2,103.00,,-7,Clear
2016-12-07 22:00,2016,12,07,22:00,‡,-5.0,-10.0,68,9,9,32.2,102.90,,-9,Clear
2016-12-08 01:00,2016,12,08,01:00,‡,-5.4,-10.8,66,7,6,32.2,102.72,,-8,Mainly Clear
2016-12-08 04:00,2016,12,08,04:00,‡,-5.7,-10.9,67,8,9,32.2,102.58,,-10,Mainly Clear
2016-12-08 07:00,2016,12,08,07:00,‡,-5.6,-11.4,64,7,6,48.3,102.35,,-8,Mainly Clear
2016-12-08 10:00,2016,12,08,10:00,‡,-2.3,-8.6,62,6,4,48.3,102.18,,-4,Mainly Clear
2016-12-08 13:00,2016,12,08,13:00,‡,0.8,-7.3,55,32,7,48.3,101.87,,,Mostly Cloudy
2016-12-08 16:00,2016,12,08,16:00,‡,-0.4,-8.1,56,36,4,48.3,101.60,,-2,Mostly Cloudy
2016-12-08 19:00,2016,12,08,19:00,‡,0.2,-11.6,41,7,16,32.2,101.49,,,Cloudy
2016-12-08 22:00,2016,12,08,22:00,‡,0.3,-11.5,41,8,14,32.2,101.47,,,Cloudy
2016-12-09 01:00,2016,12,09,01:00,‡,-0.2,-11.3,43,10,31,32.2,101.51,,-7,Cloudy
2016-12-09 04:00,2016,12,09,04:00,‡,-0.4,-7.7,58,10,21,19.3,101.54,,-6,Snow
2016-12-09 05:00,2016,12,09,05:00,‡,-0.7,-5.7,69,10,20,24.1,101.50,,-6,Snow
2016-12-09 07:00,2016,12,09,07:00,‡,-1.1,-3.0,87,9,19,19.3,101.49,,-6,Snow
2016-12-09 08:00,2016,12,09,08:00,‡,-1.6,-2.4,94,10,20,3.2,101.52,,-7,Snow
2016-12-09 09:00,2016,12,09,09:00,‡,-1.7,-2.5,94,10,19,2.0,101.52,,-7,Snow
2016-12-09 10:00,2016,12,09,10:00,‡,-1.3,-2.0,95,9,19,2.4,101.52,,-7,Snow
2016-12-09 12:00,2016,12,09,12:00,‡,-0.7,-1.8,92,10,14,24.1,101.46,,-5,Snow
2016-12-09 13:00,2016,12,09,13:00,‡,-0.7,-1.4,95,9,16,1.0,101.37,,-5,Snow
2016-12-09 14:00,2016,12,09,14:00,‡,-0.5,-1.2,95,9,18,2.0,101.32,,-6,Snow
2016-12-09 15:00,2016,12,09,15:00,‡,-0.6,-1.2,96,9,18,1.6,101.31,,-6,Snow
2016-12-09 16:00,2016,12,09,16:00,‡,-0.4,-1.0,96,10,14,4.8,101.26,,-5,Snow
2016-12-09 17:00,2016,12,09,17:00,‡,-0.4,-1.0,96,9,19,6.4,101.17,,-6,Snow
2016-12-09 19:00,2016,12,09,19:00,‡,0.4,-0.2,96,8,10,6.4,100.95,,,Snow
2016-12-09 20:00,2016,12,09,20:00,‡,0.2,-0.2,97,11,13,1.2,100.95,,,Snow
2016-12-09 21:00,2016,12,09,21:00,‡,0.1,-0.2,98,11,18,3.2,100.89,,,Snow
2016-12-09 22:00,2016,12,09,22:00,‡,-0.1,-0.4,98,10,11,4.8,100.87,,-4,Snow
2016-12-10 01:00,2016,12,10,01:00,‡,0.5,-0.4,94,8,16,24.1,100.86,,,Cloudy
2016-12-10 04:00,2016,12,10,04:00,‡,1.0,-0.2,92,6,12,24.1,100.91,,,Cloudy
2016-12-10 07:00,2016,12,10,07:00,‡,1.2,-0.1,91,8,19,24.1,100.94,,,Cloudy
2016-12-10 09:00,2016,12,10,09:00,‡,1.3,0.1,92,8,22,8.1,100.96,,,"Rain,Fog"
2016-12-10 10:00,2016,12,10,10:00,‡,1.2,0.3,94,9,19,8.1,101.00,,,"Rain,Fog"
2016-12-10 11:00,2016,12,10,11:00,‡,1.4,0.5,94,9,22,8.1,100.97,,,"Rain,Fog"
2016-12-10 12:00,2016,12,10,12:00,‡,1.5,0.6,94,8,24,12.9,100.89,,,Rain
2016-12-10 13:00,2016,12,10,13:00,‡,2.3,1.1,92,7,25,12.9,100.83,,,Rain
2016-12-10 14:00,2016,12,10,14:00,‡,2.1,1.1,93,7,18,8.1,100.80,,,"Rain,Fog"
2016-12-10 15:00,2016,12,10,15:00,‡,2.1,1.1,93,9,25,6.4,100.77,,,"Rain,Fog"
2016-12-10 16:00,2016,12,10,16:00,‡,1.7,0.8,94,8,27,12.9,100.78,,,Cloudy
2016-12-10 17:00,2016,12,10,17:00,‡,1.9,1.0,94,8,20,12.9,100.78,,,Rain
2016-12-10 19:00,2016,12,10,19:00,‡,2.2,1.5,95,10,15,16.1,100.80,,,Rain
2016-12-10 20:00,2016,12,10,20:00,‡,2.2,1.5,95,8,14,12.9,100.84,,,Rain
2016-12-10 21:00,2016,12,10,21:00,‡,2.2,1.6,96,9,16,16.1,100.85,,,Rain
2016-12-10 22:00,2016,12,10,22:00,‡,2.4,1.7,95,9,19,19.3,100.86,,,Cloudy
2016-12-10 23:00,2016,12,10,23:00,‡,2.5,1.8,95,8,21,16.1,100.86,,,Rain
2016-12-11 00:00,2016,12,11,00:00,‡,2.4,1.8,96,8,23,16.1,100.85,,,Moderate Rain
2016-12-11 01:00,2016,12,11,01:00,‡,2.8,2.2,96,7,25,12.9,100.87,,,Moderate Rain
2016-12-11 02:00,2016,12,11,02:00,‡,2.8,2.2,96,8,20,12.9,100.85,,,Moderate Rain
2016-12-11 04:00,2016,12,11,04:00,‡,2.5,1.8,95,3,11,19.3,100.89,,,Rain Showers
2016-12-11 07:00,2016,12,11,07:00,‡,2.6,2.0,96,8,9,19.3,100.94,,,Cloudy
2016-12-11 10:00,2016,12,11,10:00,‡,5.0,3.7,91,8,8,19.3,101.08,,,Mostly Cloudy
2016-12-11 13:00,2016,12,11,13:00,‡,5.7,3.4,85,16,5,19.3,101.08,,,Rain Showers
2016-12-11 16:00,2016,12,11,16:00,‡,3.2,2.2,93,9,18,24.1,101.17,,,Mostly Cloudy
2016-12-11 17:00,2016,12,11,17:00,‡,3.1,2.2,94,9,16,16.1,101.22,,,Rain Showers
2016-12-11 19:00,2016,12,11,19:00,‡,2.5,1.6,94,8,16,19.3,101.30,,,Cloudy
2016-12-11 22:00,2016,12,11,22:00,‡,1.9,1.2,95,8,18,9.7,101.43,,,"Rain,Fog"
2016-12-11 23:00,2016,12,11,23:00,‡,1.1,0.4,95,9,25,12.9,101.49,,,"Rain,Snow"
2016-12-12 00:00,2016,12,12,00:00,‡,0.2,-0.2,97,10,18,3.2,101.54,,,Snow
2016-12-12 01:00,2016,12,12,01:00,‡,0.3,0.0,98,10,21,3.2,101.57,,,Snow
2016-12-12 02:00,2016,12,12,02:00,‡,0.2,-0.1,98,10,22,2.4,101.62,,,Snow
2016-12-12 03:00,2016,12,12,03:00,‡,0.3,0.0,98,9,19,3.6,101.70,,,Snow
2016-12-12 04:00,2016,12,12,04:00,‡,0.3,-0.1,97,9,19,6.4,101.74,,,Snow
2016-12-12 05:00,2016,12,12,05:00,‡,0.4,-0.5,94,8,9,12.9,101.83,,,Snow
2016-12-12 06:00,2016,12,12,06:00,‡,0.2,-0.7,94,9,12,6.4,101.94,,,Snow
2016-12-12 07:00,2016,12,12,07:00,‡,0.1,-0.5,96,11,10,4.8,102.03,,,Snow
2016-12-12 10:00,2016,12,12,10:00,‡,0.9,-1.8,82,36,1,16.1,102.29,,,Mostly Cloudy
2016-12-12 13:00,2016,12,12,13:00,‡,1.5,-1.1,83,15,8,24.1,102.37,,,Mostly Cloudy
2016-12-12 16:00,2016,12,12,16:00,‡,-0.4,-3.3,81,12,11,24.1,102.48,,-4,Mainly Clear
2016-12-12 19:00,2016,12,12,19:00,‡,-1.8,-5.0,79,10,9,24.1,102.52,,-5,Mainly Clear
2016-12-12 22:00,2016,12,12,22:00,‡,-1.9,-5.4,77,10,15,24.1,102.59,,-7,Mostly Cloudy
2016-12-13 01:00,2016,12,13,01:00,‡,-3.0,-6.0,80,8,9,24.1,102.63,,-7,Cloudy
2016-12-13 04:00,2016,12,13,04:00,‡,-4.5,-6.7,85,9,10,24.1,102.61,,-9,Mainly Clear
2016-12-13 07:00,2016,12,13,07:00,‡,-5.0,-6.8,87,10,10,32.2,102.61,,-9,Mainly Clear
2016-12-13 10:00,2016,12,13,10:00,‡,-2.7,-5.9,79,11,10,32.2,102.77,,-7,Mainly Clear
2016-12-13 13:00,2016,12,13,13:00,‡,0.2,-4.5,71,36,1,32.2,102.74,,,Mainly Clear
2016-12-13 16:00,2016,12,13,16:00,‡,-0.3,-3.9,77,14,5,48.3,102.74,,-2,Mainly Clear
2016-12-13 19:00,2016,12,13,19:00,‡,-2.0,-4.2,85,13,9,48.3,102.70,,-5,Clear
2016-12-13 22:00,2016,12,13,22:00,‡,-2.8,-6.1,78,9,10,48.3,102.74,,-7,Clear
2016-12-14 01:00,2016,12,14,01:00,‡,-5.5,-7.8,84,15,8,48.3,102.72,,-9,Clear
2016-12-14 04:00,2016,12,14,04:00,‡,-7.1,-8.2,92,10,14,48.3,102.60,,-13,Clear
2016-12-14 07:00,2016,12,14,07:00,‡,-6.1,-9.7,76,9,11,48.3,102.43,,-11,Mainly Clear
2016-12-14 10:00,2016,12,14,10:00,‡,-5.5,-8.4,80,10,12,48.3,102.26,,-10,Mainly Clear
2016-12-14 13:00,2016,12,14,13:00,‡,-2.2,-5.9,76,10,6,32.2,101.91,,-5,Mostly Cloudy
2016-12-14 16:00,2016,12,14,16:00,‡,-3.2,-6.0,81,10,9,32.2,101.55,,-7,Mostly Cloudy
2016-12-14 19:00,2016,12,14,19:00,‡,-4.6,-7.4,81,9,13,32.2,101.30,,-10,Mostly Cloudy
2016-12-14 22:00,2016,12,14,22:00,‡,-5.0,-7.5,83,7,7,32.2,101.23,,-8,Cloudy
2016-12-15 01:00,2016,12,15,01:00,‡,-5.6,-7.0,90,10,9,32.2,101.26,,-10,Mostly Cloudy
2016-12-15 04:00,2016,12,15,04:00,‡,-6.4,-8.8,83,9,12,32.2,101.27,,-12,Clear
2016-12-15 07:00,2016,12,15,07:00,‡,-5.7,-6.8,92,11,6,32.2,101.30,,-9,Clear
2016-12-15 10:00,2016,12,15,10:00,‡,-4.2,-6.7,83,9,13,48.3,101.47,,-9,Clear
2016-12-15 13:00,2016,12,15,13:00,‡,-0.3,-5.9,66,16,3,48.3,101.43,,-1,Clear
2016-12-15 16:00,2016,12,15,16:00,‡,-0.8,-4.7,75,18,6,48.3,101.43,,-3,Mainly Clear
2016-12-15 19:00,2016,12,15,19:00,‡,-3.6,-6.9,78,9,8,48.3,101.47,,-7,Mainly Clear
2016-12-15 22:00,2016,12,15,22:00,‡,-5.4,-7.9,83,10,6,32.2,101.52,,-8,Clear
2016-12-16 01:00,2016,12,16,01:00,‡,-6.2,-9.1,80,9,11,32.2,101.58,,-11,Mainly Clear
2016-12-16 04:00,2016,12,16,04:00,‡,-7.9,-10.9,79,10,8,32.2,101.72,,-12,Clear
2016-12-16 07:00,2016,12,16,07:00,‡,-7.3,-13.0,64,11,15,32.2,101.88,,-13,Mainly Clear
2016-12-16 10:00,2016,12,16,10:00,‡,-4.9,-12.6,55,10,15,48.3,102.16,,-10,Mainly Clear
2016-12-16 13:00,2016,12,16,13:00,‡,-2.3,-11.4,50,11,15,48.3,102.25,,-7,Mainly Clear
2016-12-16 16:00,2016,12,16,16:00,‡,-2.6,-12.7,46,2,3,48.3,102.40,,-4,Mainly Clear
2016-12-16 19:00,2016,12,16,19:00,‡,-4.5,-11.1,60,8,9,32.2,102.48,,-8,Mainly Clear
2016-12-16 22:00,2016,12,16,22:00,‡,-6.3,-8.9,82,10,17,32.2,102.55,,-13,Cloudy
2016-12-17 01:00,2016,12,17,01:00,‡,-7.1,-11.0,74,10,15,32.2,102.67,,-13,Mostly Cloudy
2016-12-17 04:00,2016,12,17,04:00,‡,-8.6,-11.6,79,9,13,32.2,102.73,,-15,Mostly Cloudy
2016-12-17 07:00,2016,12,17,07:00,‡,-5.7,-8.9,78,10,12,32.2,102.82,,-11,Cloudy
2016-12-17 10:00,2016,12,17,10:00,‡,-4.2,-7.5,78,10,7,48.3,103.07,,-7,Cloudy
2016-12-17 13:00,2016,12,17,13:00,‡,-2.0,-8.1,63,10,11,48.3,103.06,,-6,Cloudy
2016-12-17 16:00,2016,12,17,16:00,‡,-2.5,-7.8,67,10,7,48.3,103.16,,-5,Cloudy
2016-12-17 19:00,2016,12,17,19:00,‡,-4.3,-8.4,73,8,11,32.2,103.25,,-9,Mostly Cloudy
2016-12-17 22:00,2016,12,17,22:00,‡,-2.5,-6.3,75,6,14,24.1,103.32,,-7,Cloudy
2016-12-18 01:00,2016,12,18,01:00,‡,-2.1,-4.8,82,7,17,6.4,103.37,,-7,Snow
2016-12-18 02:00,2016,12,18,02:00,‡,-2.4,-3.7,91,7,17,8.1,103.39,,-8,Snow
2016-12-18 03:00,2016,12,18,03:00,‡,-2.2,-4.1,87,7,18,12.9,103.39,,-8,Snow
2016-12-18 04:00,2016,12,18,04:00,‡,-2.2,-3.3,92,7,14,4.8,103.35,,-7,Snow
2016-12-18 05:00,2016,12,18,05:00,‡,-2.1,-3.1,93,7,16,2.4,103.34,,-7,Snow
2016-12-18 06:00,2016,12,18,06:00,‡,-2.0,-2.7,95,7,18,1.6,103.30,,-7,Snow
2016-12-18 07:00,2016,12,18,07:00,‡,-1.7,-2.4,95,8,19,1.6,103.28,,-7,Snow
2016-12-18 08:00,2016,12,18,08:00,‡,-1.2,-2.5,91,6,16,4.8,103.29,,-6,Snow
2016-12-18 09:00,2016,12,18,09:00,‡,-1.7,-2.4,95,8,14,1.6,103.30,,-6,Snow
2016-12-18 10:00,2016,12,18,10:00,‡,-1.3,-1.9,96,8,16,1.6,103.30,,-6,Snow
2016-12-18 11:00,2016,12,18,11:00,‡,-1.0,-1.6,96,8,17,2.4,103.26,,-6,Snow
2016-12-18 12:00,2016,12,18,12:00,‡,-0.6,-1.3,95,9,14,12.9,103.20,,-5,Snow
2016-12-18 13:00,2016,12,18,13:00,‡,-0.4,-1.3,94,9,17,4.8,103.13,,-5,"Snow,Fog"
2016-12-18 14:00,2016,12,18,14:00,‡,-0.2,-0.9,95,8,14,9.7,103.09,,-4,"Snow,Fog"
2016-12-18 15:00,2016,12,18,15:00,‡,0.1,-0.6,95,7,20,3.6,102.95,,,"Snow,Fog"
2016-12-18 16:00,2016,12,18,16:00,‡,0.3,-0.3,96,8,18,4.8,102.87,,,"Snow,Fog"
2016-12-18 17:00,2016,12,18,17:00,‡,0.8,-0.4,92,7,17,16.1,102.84,,,Snow
2016-12-18 18:00,2016,12,18,18:00,‡,0.9,-0.3,92,7,17,12.9,102.69,,,Snow
2016-12-18 19:00,2016,12,18,19:00,‡,1.1,-0.1,92,6,21,12.9,102.61,,,Rain
2016-12-18 22:00,2016,12,18,22:00,‡,2.2,-0.6,82,7,15,12.9,102.30,,,Cloudy
2016-12-19 01:00,2016,12,19,01:00,‡,2.0,0.2,88,8,21,12.9,101.80,,,Rain
2016-12-19 02:00,2016,12,19,02:00,‡,2.2,1.0,92,10,26,12.9,101.68,,,Rain
2016-12-19 03:00,2016,12,19,03:00,‡,3.0,1.4,89,12,28,12.9,101.57,,,Rain
2016-12-19 04:00,2016,12,19,04:00,‡,1.6,0.7,94,9,23,8.1,101.46,,,"Moderate Rain,Fog"
2016-12-19 05:00,2016,12,19,05:00,‡,2.1,1.4,95,10,21,8.1,101.35,,,Moderate Rain
2016-12-19 06:00,2016,12,19,06:00,‡,1.6,1.0,96,7,17,12.9,101.26,,,Rain
2016-12-19 07:00,2016,12,19,07:00,‡,1.4,0.5,94,2,26,12.9,101.36,,,Rain
2016-12-19 10:00,2016,12,19,10:00,‡,2.9,1.6,91,8,10,32.2,101.87,,,Mainly Clear
2016-12-19 13:00,2016,12,19,13:00,‡,3.9,2.1,88,11,14,32.2,102.07,,,Mostly Cloudy
2016-12-19 16:00,2016,12,19,16:00,‡,3.7,2.5,92,7,15,19.3,102.19,,,Cloudy
2016-12-19 19:00,2016,12,19,19:00,‡,4.1,3.1,93,7,13,12.9,102.11,,,Cloudy
2016-12-19 21:00,2016,12,19,21:00,‡,4.5,3.5,93,8,20,12.9,101.78,,,Rain
2016-12-19 22:00,2016,12,19,22:00,‡,4.1,3.1,93,8,17,12.9,101.59,,,Rain
2016-12-19 23:00,2016,12,19,23:00,‡,4.6,3.1,90,7,23,12.9,101.43,,,Rain
2016-12-20 00:00,2016,12,20,00:00,‡,3.7,2.5,92,9,24,12.9,101.27,,,Rain
2016-12-20 01:00,2016,12,20,01:00,‡,3.2,2.2,93,8,23,12.9,101.09,,,Rain
2016-12-20 02:00,2016,12,20,02:00,‡,3.8,2.5,91,7,19,8.1,100.96,,,"Rain,Fog"
2016-12-20 03:00,2016,12,20,03:00,‡,2.7,2.3,97,8,17,8.1,100.86,,,Fog
2016-12-20 04:00,2016,12,20,04:00,‡,3.8,3.4,97,8,17,4.8,100.77,,,"Drizzle,Fog"
2016-12-20 05:00,2016,12,20,05:00,‡,3.1,2.5,96,10,22,8.1,100.75,,,Fog
2016-12-20 07:00,2016,12,20,07:00,‡,5.7,2.9,82,22,31,24.1,101.06,,,Mainly Clear
2016-12-20 10:00,2016,12,20,10:00,‡,6.5,2.6,76,20,28,32.2,101.59,,,Mostly Cloudy
2016-12-20 13:00,2016,12,20,13:00,‡,7.1,3.2,76,21,18,32.2,101.84,,,Mostly Cloudy
2016-12-20 16:00,2016,12,20,16:00,‡,6.0,2.1,76,28,17,48.3,102.34,,,Mainly Clear
2016-12-20 19:00,2016,12,20,19:00,‡,6.0,2.7,79,20,8,32.2,102.66,,,Mainly Clear
2016-12-20 22:00,2016,12,20,22:00,‡,1.1,-0.1,92,9,9,32.2,102.96,,,Mostly Cloudy
2016-12-21 01:00,2016,12,21,01:00,‡,1.1,0.2,94,8,11,32.2,103.02,,,Mainly Clear
2016-12-21 04:00,2016,12,21,04:00,‡,2.0,1.3,95,8,15,32.2,103.10,,,Mostly Cloudy
2016-12-21 07:00,2016,12,21,07:00,‡,4.0,3.0,93,8,14,24.1,103.08,,,Cloudy
2016-12-21 10:00,2016,12,21,10:00,‡,5.1,3.1,87,8,12,24.1,103.01,,,Cloudy
2016-12-21 13:00,2016,12,21,13:00,‡,5.9,3.1,82,10,12,24.1,102.71,,,Cloudy
2016-12-21 16:00,2016,12,21,16:00,‡,4.5,1.0,78,7,10,24.1,102.42,,,Cloudy
2016-12-21 19:00,2016,12,21,19:00,‡,3.8,1.8,87,9,17,24.1,102.19,,,Mostly Cloudy
2016-12-21 22:00,2016,12,21,22:00,‡,1.1,0.2,94,10,13,24.1,101.96,,,Cloudy
2016-12-22 01:00,2016,12,22,01:00,‡,2.7,0.4,85,9,12,24.1,101.61,,,Cloudy
2016-12-22 04:00,2016,12,22,04:00,‡,2.7,0.3,84,9,14,24.1,101.36,,,Cloudy
2016-12-22 07:00,2016,12,22,07:00,‡,2.8,0.4,84,12,15,24.1,101.07,,,Cloudy
2016-12-22 10:00,2016,12,22,10:00,‡,4.0,1.6,84,9,25,24.1,100.98,,,Rain Showers
2016-12-22 11:00,2016,12,22,11:00,‡,4.0,1.9,86,7,29,24.1,100.95,,,Rain Showers
2016-12-22 13:00,2016,12,22,13:00,‡,4.8,2.0,82,8,16,24.1,100.86,,,Cloudy
2016-12-22 16:00,2016,12,22,16:00,‡,4.5,2.7,88,7,16,24.1,100.81,,,Mostly Cloudy
2016-12-22 19:00,2016,12,22,19:00,‡,3.7,2.1,89,8,16,24.1,100.79,,,Cloudy
2016-12-22 22:00,2016,12,22,22:00,‡,4.4,2.4,87,6,16,24.1,100.69,,,Cloudy
2016-12-23 01:00,2016,12,23,01:00,‡,3.6,2.3,91,34,6,24.1,100.53,,,Cloudy
2016-12-23 02:00,2016,12,23,02:00,‡,2.8,1.9,94,20,5,24.1,100.43,,,Rain
2016-12-23 03:00,2016,12,23,03:00,‡,2.8,2.1,95,16,6,24.1,100.35,,,Rain
2016-12-23 04:00,2016,12,23,04:00,‡,2.9,2.5,97,13,8,16.1,100.24,,,Rain
2016-12-23 05:00,2016,12,23,05:00,‡,3.4,1.8,89,21,6,16.1,100.17,,,Rain
2016-12-23 06:00,2016,12,23,06:00,‡,3.7,2.7,93,30,17,16.1,100.11,,,Rain
2016-12-23 07:00,2016,12,23,07:00,‡,3.2,1.9,91,32,17,16.1,100.04,,,Rain
2016-12-23 08:00,2016,12,23,08:00,‡,3.3,1.8,90,30,20,16.1,100.02,,,Rain
2016-12-23 09:00,2016,12,23,09:00,‡,3.2,2.0,92,30,22,19.3,100.02,,,Rain
2016-12-23 10:00,2016,12,23,10:00,‡,3.5,2.2,91,30,16,16.1,100.11,,,Rain
2016-12-23 11:00,2016,12,23,11:00,‡,3.5,2.3,92,31,13,19.3,100.14,,,Rain
2016-12-23 12:00,2016,12,23,12:00,‡,3.5,2.3,92,31,11,19.3,100.15,,,Rain
2016-12-23 13:00,2016,12,23,13:00,‡,3.4,2.2,92,30,14,20.9,100.17,,,Rain
2016-12-23 14:00,2016,12,23,14:00,‡,3.2,2.0,92,31,16,19.3,100.17,,,Rain
2016-12-23 15:00,2016,12,23,15:00,‡,3.1,2.1,93,30,17,24.1,100.23,,,Rain
2016-12-23 16:00,2016,12,23,16:00,‡,3.1,2.1,93,4,8,24.1,100.31,,,Rain
2016-12-23 17:00,2016,12,23,17:00,‡,2.8,2.1,95,7,10,19.3,100.36,,,Rain
2016-12-23 18:00,2016,12,23,18:00,‡,2.2,1.8,97,9,17,19.3,100.44,,,Rain
2016-12-23 19:00,2016,12,23,19:00,‡,2.0,1.6,97,10,17,12.9,100.51,,,Rain
2016-12-23 20:00,2016,12,23,20:00,‡,2.0,1.6,97,9,11,12.9,100.58,,,Rain
2016-12-23 21:00,2016,12,23,21:00,‡,2.2,1.8,97,8,5,16.1,100.65,,,Rain
2016-12-23 22:00,2016,12,23,22:00,‡,2.0,1.4,96,6,10,16.1,100.72,,,Rain
2016-12-23 23:00,2016,12,23,23:00,‡,1.6,1.0,96,8,9,16.1,100.79,,,Rain
2016-12-24 00:00,2016,12,24,00:00,‡,1.4,1.0,97,10,9,19.3,100.87,,,Rain
2016-12-24 01:00,2016,12,24,01:00,‡,1.4,1.0,97,9,11,12.9,100.92,,,Rain
2016-12-24 02:00,2016,12,24,02:00,‡,1.5,1.1,97,8,8,19.3,100.98,,,Rain
2016-12-24 04:00,2016,12,24,04:00,‡,1.5,1.1,97,12,6,19.3,101.12,,,Cloudy
2016-12-24 07:00,2016,12,24,07:00,‡,1.2,0.8,97,9,6,16.1,101.25,,,Cloudy
2016-12-24 10:00,2016,12,24,10:00,‡,1.9,1.0,94,36,2,19.3,101.43,,,Mostly Cloudy
2016-12-24 13:00,2016,12,24,13:00,‡,3.6,0.8,82,26,12,32.2,101.43,,,Mainly Clear
2016-12-24 16:00,2016,12,24,16:00,‡,2.5,0.7,88,28,10,32.2,101.46,,,Mainly Clear
2016-12-24 19:00,2016,12,24,19:00,‡,0.6,-0.4,93,7,13,32.2,101.54,,,Mainly Clear
2016-12-24 22:00,2016,12,24,22:00,‡,-1.2,-1.6,97,8,4,19.3,101.66,,-3,Mainly Clear
2016-12-25 01:00,2016,12,25,01:00,‡,-2.2,-2.5,98,13,7,32.2,101.76,,-5,Mainly Clear
2016-12-25 04:00,2016,12,25,04:00,‡,-4.2,-4.8,96,11,10,32.2,101.85,,-8,Mainly Clear
2016-12-25 07:00,2016,12,25,07:00,‡,-3.2,-3.8,96,,0,32.2,101.90,,,Mainly Clear
2016-12-25 10:00,2016,12,25,10:00,‡,-1.0,-2.0,93,10,13,32.2,102.06,,-5,Mainly Clear
2016-12-25 13:00,2016,12,25,13:00,‡,1.2,-3.7,70,21,4,32.2,102.14,,,Mainly Clear
2016-12-25 16:00,2016,12,25,16:00,‡,0.3,-3.6,75,9,4,48.3,102.12,,,Mostly Cloudy
2016-12-25 19:00,2016,12,25,19:00,‡,-0.4,-4.5,74,7,8,32.2,102.22,,-3,Mostly Cloudy
2016-12-25 22:00,2016,12,25,22:00,‡,-1.5,-3.5,86,9,11,32.2,102.27,,-5,Mostly Cloudy
2016-12-26 01:00,2016,12,26,01:00,‡,-1.0,-3.2,85,10,9,32.2,102.36,,-4,Cloudy
2016-12-26 04:00,2016,12,26,04:00,‡,0.1,-3.6,76,8,15,24.1,102.41,,,Cloudy
2016-12-26 06:00,2016,12,26,06:00,‡,0.1,-1.4,90,8,15,9.7,102.36,,,Snow
2016-12-26 07:00,2016,12,26,07:00,‡,-0.1,-1.2,92,9,17,8.1,102.34,,-5,Snow
2016-12-26 08:00,2016,12,26,08:00,‡,0.1,-0.5,96,8,17,2.4,102.34,,,Snow
2016-12-26 09:00,2016,12,26,09:00,‡,0.3,-0.3,96,8,18,8.1,102.28,,,Snow
2016-12-26 10:00,2016,12,26,10:00,‡,0.7,-0.3,93,9,19,8.1,102.25,,,Snow
2016-12-26 11:00,2016,12,26,11:00,‡,0.4,-0.3,95,8,18,1.2,102.21,,,Snow
2016-12-26 12:00,2016,12,26,12:00,‡,0.6,0.0,96,7,21,2.4,102.09,,,Snow
2016-12-26 13:00,2016,12,26,13:00,‡,1.2,0.3,94,7,29,12.9,101.94,,,"Rain,Snow"
2016-12-26 14:00,2016,12,26,14:00,‡,1.6,0.6,93,8,30,12.9,101.78,,,Rain
2016-12-26 15:00,2016,12,26,15:00,‡,1.8,0.8,93,8,30,12.9,101.73,,,Rain
2016-12-26 16:00,2016,12,26,16:00,‡,1.4,0.7,95,7,31,8.1,101.63,,,"Rain,Fog"
2016-12-26 17:00,2016,12,26,17:00,‡,1.1,0.4,95,8,27,8.1,101.55,,,"Rain,Fog"
2016-12-26 18:00,2016,12,26,18:00,‡,0.7,0.1,96,8,25,4.0,101.42,,,"Rain,Snow"
2016-12-26 19:00,2016,12,26,19:00,‡,1.3,0.7,96,9,29,4.8,101.33,,,"Rain,Fog"
2016-12-26 20:00,2016,12,26,20:00,‡,1.9,1.2,95,8,22,6.4,101.23,,,"Rain,Fog"
2016-12-26 21:00,2016,12,26,21:00,‡,1.7,1.1,96,8,23,4.8,101.13,,,"Rain,Fog"
2016-12-26 22:00,2016,12,26,22:00,‡,2.5,1.9,96,7,21,19.3,101.08,,,Rain
2016-12-27 00:00,2016,12,27,00:00,‡,2.9,1.9,93,5,23,19.3,101.03,,,Rain
2016-12-27 01:00,2016,12,27,01:00,‡,2.7,1.8,94,4,21,16.1,101.02,,,Rain
2016-12-27 02:00,2016,12,27,02:00,‡,2.5,1.9,96,4,12,19.3,101.04,,,Rain
2016-12-27 04:00,2016,12,27,04:00,‡,2.6,2.2,97,4,4,24.1,101.01,,,Cloudy
2016-12-27 07:00,2016,12,27,07:00,‡,5.4,2.2,80,15,7,19.3,101.01,,,Mostly Cloudy
2016-12-27 10:00,2016,12,27,10:00,‡,6.0,2.7,79,21,15,32.2,101.17,,,Mostly Cloudy
2016-12-27 12:00,2016,12,27,12:00,‡,5.4,0.8,72,16,7,24.1,101.24,,,Rain Showers
2016-12-27 13:00,2016,12,27,13:00,‡,5.3,2.7,83,11,16,24.1,101.24,,,Mostly Cloudy
2016-12-27 16:00,2016,12,27,16:00,‡,4.3,2.0,85,6,9,32.2,101.46,,,Mostly Cloudy
2016-12-27 19:00,2016,12,27,19:00,‡,1.8,0.9,94,10,10,32.2,101.66,,,Mostly Cloudy
2016-12-27 22:00,2016,12,27,22:00,‡,1.0,0.4,96,8,13,32.2,101.97,,,Mostly Cloudy
2016-12-28 01:00,2016,12,28,01:00,‡,-1.0,-1.8,94,9,10,32.2,102.25,,-5,Mainly Clear
2016-12-28 04:00,2016,12,28,04:00,‡,0.0,-0.6,96,10,16,32.2,102.51,,-5,Mostly Cloudy
2016-12-28 07:00,2016,12,28,07:00,‡,1.6,0.4,92,9,14,24.1,102.63,,,Cloudy
2016-12-28 09:00,2016,12,28,09:00,‡,4.2,2.1,86,13,11,24.1,102.71,,,Rain
2016-12-28 10:00,2016,12,28,10:00,‡,5.4,2.6,82,16,26,24.1,102.77,,,Cloudy
2016-12-28 11:00,2016,12,28,11:00,‡,5.2,2.7,84,15,28,24.1,102.84,,,Rain
2016-12-28 12:00,2016,12,28,12:00,‡,4.8,3.2,89,15,20,24.1,102.87,,,Rain
2016-12-28 13:00,2016,12,28,13:00,‡,5.0,3.7,91,13,16,24.1,102.84,,,Rain
2016-12-28 14:00,2016,12,28,14:00,‡,5.2,3.7,90,13,12,24.1,102.84,,,Rain
2016-12-28 15:00,2016,12,28,15:00,‡,5.5,3.5,87,10,10,24.1,102.85,,,Rain
2016-12-28 16:00,2016,12,28,16:00,‡,4.3,3.4,94,6,13,24.1,102.84,,,Cloudy
2016-12-28 17:00,2016,12,28,17:00,‡,4.2,3.3,94,7,17,24.1,102.84,,,Rain
2016-12-28 18:00,2016,12,28,18:00,‡,3.8,3.1,95,8,13,24.1,102.84,,,Rain
2016-12-28 19:00,2016,12,28,19:00,‡,4.1,3.1,93,7,12,16.1,102.82,,,Rain
2016-12-28 20:00,2016,12,28,20:00,‡,3.9,2.7,92,7,16,19.3,102.82,,,Rain
2016-12-28 22:00,2016,12,28,22:00,‡,4.0,2.2,88,7,15,24.1,102.69,,,Cloudy
2016-12-29 01:00,2016,12,29,01:00,‡,2.6,1.6,93,10,14,24.1,102.44,,,Cloudy
2016-12-29 04:00,2016,12,29,04:00,‡,3.7,1.6,86,7,22,24.1,102.30,,,Rain
2016-12-29 05:00,2016,12,29,05:00,‡,2.5,1.5,93,6,22,19.3,102.19,,,Rain
2016-12-29 06:00,2016,12,29,06:00,‡,3.0,1.7,91,8,21,24.1,102.03,,,Rain
2016-12-29 07:00,2016,12,29,07:00,‡,3.0,1.7,91,9,26,24.1,101.97,,,Rain
2016-12-29 08:00,2016,12,29,08:00,‡,3.3,2.0,91,8,20,24.1,101.90,,,Rain
2016-12-29 09:00,2016,12,29,09:00,‡,4.0,2.5,90,7,30,19.3,101.86,,,Rain
2016-12-29 10:00,2016,12,29,10:00,‡,4.0,2.5,90,6,28,16.1,101.82,,,Rain
2016-12-29 11:00,2016,12,29,11:00,‡,4.0,2.7,91,8,22,16.1,101.76,,,Rain
2016-12-29 12:00,2016,12,29,12:00,‡,4.4,3.2,92,6,18,12.9,101.71,,,Rain
2016-12-29 13:00,2016,12,29,13:00,‡,4.8,3.5,91,8,13,19.3,101.68,,,Rain
2016-12-29 14:00,2016,12,29,14:00,‡,4.1,3.2,94,3,9,16.1,101.68,,,Rain
2016-12-29 15:00,2016,12,29,15:00,‡,4.2,3.3,94,6,10,24.1,101.67,,,Rain
2016-12-29 16:00,2016,12,29,16:00,‡,3.7,3.0,95,3,6,24.1,101.73,,,Cloudy
2016-12-29 19:00,2016,12,29,19:00,‡,2.2,1.6,96,9,7,24.1,101.84,,,Mainly Clear
2016-12-29 22:00,2016,12,29,22:00,‡,0.2,-0.1,98,6,7,24.1,102.01,,,Mainly Clear
2016-12-30 01:00,2016,12,30,01:00,‡,2.0,1.7,98,23,10,24.1,102.12,,,Mainly Clear
2016-12-30 04:00,2016,12,30,04:00,‡,4.3,2.8,90,31,21,24.1,102.22,,,Cloudy
2016-12-30 06:00,2016,12,30,06:00,‡,1.3,0.6,95,1,8,1.2,102.25,,,Fog
2016-12-30 07:00,2016,12,30,07:00,‡,0.7,0.4,98,1,4,24.1,102.28,,,Mainly Clear
2016-12-30 08:00,2016,12,30,08:00,‡,-0.4,-0.7,98,9,11,0.0,102.37,,-4,Freezing Fog
2016-12-30 09:00,2016,12,30,09:00,‡,0.5,0.4,99,13,3,0.2,102.47,,,Fog
2016-12-30 10:00,2016,12,30,10:00,‡,1.1,1.0,99,34,4,24.1,102.57,,,Mostly Cloudy
2016-12-30 13:00,2016,12,30,13:00,‡,3.9,2.6,91,29,6,24.1,102.60,,,Cloudy
2016-12-30 16:00,2016,12,30,16:00,‡,2.4,0.9,90,28,9,48.3,102.62,,,Mainly Clear
2016-12-30 19:00,2016,12,30,19:00,‡,1.9,0.0,87,9,5,32.2,102.57,,,Clear
2016-12-30 22:00,2016,12,30,22:00,‡,0.9,0.5,97,10,9,24.1,102.50,,,Mostly Cloudy
2016-12-31 01:00,2016,12,31,01:00,‡,0.0,-0.3,98,2,3,24.1,102.44,,-1,Mainly Clear
2016-12-31 04:00,2016,12,31,04:00,‡,-2.7,-2.8,99,2,3,0.6,102.29,,-4,Freezing Fog
2016-12-31 05:00,2016,12,31,05:00,‡,-2.0,-2.1,99,8,3,0.8,102.23,,-3,Freezing Fog
2016-12-31 06:00,2016,12,31,06:00,‡,-0.8,-0.9,99,8,7,1.6,102.14,,-3,Fog
2016-12-31 07:00,2016,12,31,07:00,‡,-0.6,-0.7,99,10,15,0.6,102.00,,-5,Freezing Fog
2016-12-31 08:00,2016,12,31,08:00,‡,-0.2,-0.3,99,10,9,2.0,101.92,,-3,Fog
2016-12-31 10:00,2016,12,31,10:00,‡,0.7,0.6,99,9,9,24.1,101.82,,,Cloudy
2016-12-31 11:00,2016,12,31,11:00,‡,1.2,1.1,99,9,10,11.3,101.71,,,Rain
2016-12-31 12:00,2016,12,31,12:00,‡,1.8,1.4,97,8,16,12.9,101.53,,,Rain
2016-12-31 13:00,2016,12,31,13:00,‡,1.6,1.2,97,7,17,9.7,101.36,,,"Rain,Fog"
2016-12-31 14:00,2016,12,31,14:00,‡,1.1,0.7,97,7,12,4.8,101.20,,,"Rain,Fog"
2016-12-31 15:00,2016,12,31,15:00,‡,0.6,0.2,97,8,18,4.0,101.05,,,"Rain,Snow,Fog"
2016-12-31 16:00,2016,12,31,16:00,‡,0.3,0.0,98,8,18,2.0,100.90,,,"Snow,Fog"
2016-12-31 17:00,2016,12,31,17:00,‡,0.4,0.1,98,5,22,0.8,100.78,,,"Moderate Snow,Fog"
2016-12-31 18:00,2016,12,31,18:00,‡,0.5,0.2,98,4,23,1.6,100.63,,,"Snow,Fog"
2016-12-31 19:00,2016,12,31,19:00,‡,0.6,0.0,96,34,17,4.8,100.64,,,"Rain,Snow"
2016-12-31 20:00,2016,12,31,20:00,‡,1.1,0.5,96,28,12,8.1,100.62,,,"Rain,Fog"
2016-12-31 22:00,2016,12,31,22:00,‡,1.0,0.1,94,35,12,19.3,100.51,,,Cloudy
